DateTime,NavigatedToUrl,PageTitle
2024-01-06T03:59:47.866Z,https://mp.weixin.qq.com/s/1tEkR0aXjjdxP8EEai_ATg,魔法图 国漫女神天穹长老塞梅尔小舞小医仙
2024-01-06T03:59:47.279Z,https://mp.weixin.qq.com/s/IGpROfZ7bAzWtv84toth7A,魔法图 国漫女神芯觉-邵美音&雄兵连-雪伊
2024-01-06T03:59:46.723Z,https://mp.weixin.qq.com/s/_ShmLI8mUQCOBaICB37Mzg,国漫壁纸 国漫女神完美世界清漪仙子
2024-01-06T03:59:46.276Z,https://mp.weixin.qq.com/s/UtfxwVCFkCrQlZEgw69kVw,国漫壁纸 动漫女神斗罗大陆波塞西
2024-01-06T03:59:44.240Z,https://mp.weixin.qq.com/s/ePTsMGpQ6qJyaFQ-xySdQw,魔法图 甜心女王斗破苍穹美杜莎
2024-01-06T03:59:43.941Z,https://mp.weixin.qq.com/s/wk0gY4FOShMfvR487DqIMA,魔法图 温柔女神斗破苍穹萧薰儿
2024-01-06T03:59:43.337Z,https://mp.weixin.qq.com/s/YcGchrzq1wbx8K770gAdMw,国漫紫川女神 卡丹公主
2024-01-06T03:59:42.634Z,https://mp.weixin.qq.com/s/fRUP2VI8HeaETw9x6eLB4A,魔法图 凡人修仙传-紫灵
2024-01-06T03:59:41.920Z,https://mp.weixin.qq.com/s/aRvUfjRpbtC4m5rAYxytyA,魔法图 完美世界-大娘
2024-01-06T03:59:34.188Z,https://mp.weixin.qq.com/s/1g9ifYfd5MB5mvVtvGBEzQ,大家龙年好福利到
2024-01-06T03:59:26.085Z,https://mp.weixin.qq.com/s/oGQG4k9_a5aWEqZn2kDjqQ,魔法图 国漫女神云曦仙子 唐月华
2024-01-06T03:59:25.071Z,https://mp.weixin.qq.com/s/Pq3KFtl94znm8nl9ohSZaQ,魔法图 剑神云曦200+
2024-01-06T03:59:08.814Z,https://mp.weixin.qq.com/s/v-FLcJmQjRTj39haIqX00w,魔法图 月婵圣诞装
2024-01-06T03:59:08.750Z,https://mp.weixin.qq.com/s/h5CPO7ZNVkZZul1k5gBb5A,魔法图 国漫女神姜立曼珠沙华芙蕖孙尚香百炼成神天穹 绝美图片
2024-01-06T03:59:05.129Z,https://mp.weixin.qq.com/s/F1UFxGR-uQsahXkCjwUXXQ,魔法图 美少女健身秀 超顶560p
2024-01-06T03:59:04.825Z,https://mp.weixin.qq.com/s/8XZ-LfTgW2JBPNXwaN8PHA,魔法图 国漫女神完美世界芙蕖&曼珠沙华&暗河传慕雪薇
2024-01-06T03:59:04.028Z,https://mp.weixin.qq.com/s/sSAGzEwU6425n8R-nyem6w,动漫壁纸 斗破苍穹小医仙美图
2024-01-06T03:58:59.318Z,https://mp.weixin.qq.com/s/ITujYTIF4pfs76zxMJ6nrg,魔法图 国漫女神比比东云曦雅妃美杜莎等系列
2024-01-06T03:58:58.320Z,https://mp.weixin.qq.com/s/3E6ply77jtqGX-jtjQZvog,魔法图 完美世界柳神&天行九歌胡夫人
2024-01-06T03:58:52.594Z,https://mp.weixin.qq.com/s/RIou0FzHwnjOXBka_EAz_Q,软软的很舒服
2024-01-06T03:58:50.224Z,https://mp.weixin.qq.com/s/pZiwoyK8Hrmpp3IafhLMcg,壁纸下载 国漫女神完美世界天狐仙子
2024-01-06T03:58:49.806Z,https://mp.weixin.qq.com/s/yR6v18dV4jIpwcCOJc9kNg,魔法图 国漫女神 武动乾坤-林可儿 妖神记-顾岚
2024-01-06T03:58:49.006Z,https://mp.weixin.qq.com/s/UFgqo_5CDNmbgPd8t2I7AA,魔法图 国漫女神 武动乾坤-绫清竹
2024-01-06T03:58:48.420Z,https://mp.weixin.qq.com/s/iJgBzMkUIMS7clyhAzyCvw,美图下载 | 国漫沧元图女神柳七月神装壁纸
2024-01-06T03:58:46.015Z,https://mp.weixin.qq.com/s/3GJsatoP6eCa81Ng1MdLEA,魔法图 国漫女神 独步逍遥宁静 完美世界柳神
2024-01-06T03:58:45.615Z,https://mp.weixin.qq.com/s/zMibcricPy8GBGa1vI8oZA,魔法图 国漫女神屠丽 红光满面 完美曲线
2024-01-06T03:58:44.639Z,https://mp.weixin.qq.com/s/qdtmqcgdjsKsvzyC5si_EA,魔法图 动漫女神一览无余 斗罗大陆火舞 唐雪
2024-01-06T03:58:44.042Z,https://mp.weixin.qq.com/s/jXBYfYpK1frj0i-jqsPS8Q,魔法图 雪白女神一览无余 云落
2024-01-06T03:58:43.633Z,https://mp.weixin.qq.com/s/04oqvspNBamNqe0eAdvbGA,魔法图 美少女的梦幻世界225
2024-01-06T03:58:42.045Z,https://mp.weixin.qq.com/s/kzbnw9pJyNbWmqQfAEyqOA,魔法图 斗破苍穹美杜莎女王 神印王座月夜公主
2024-01-06T03:58:41.634Z,https://mp.weixin.qq.com/s/1KJAXkWvIRT_O75_ARnY9A,魔法图 清纯可爱阳光美少女221
2024-01-06T03:58:41.319Z,https://mp.weixin.qq.com/s/UBTonzTmk8zqwG9NeONVrA,魔法图-第一序列骆馨雨 | 少年白马醉春风晏琉璃 | 完美世界清漪
2024-01-06T03:58:40.012Z,https://mp.weixin.qq.com/s/BH_Z8T2aLMrlRgjEx3-4QA,魔法图 美少女户外运动 191
2024-01-06T03:58:37.831Z,https://mp.weixin.qq.com/s/I7l05UO2qFU7_Q7tYTVYsQ,魔法图-粉粉女神星辰变姜立 | 太一剑仙传雅琴
2024-01-06T03:58:37.431Z,https://mp.weixin.qq.com/s/mFtCaFfZooK4sAZDs8HO1A,魔法图-美少女 完美世界
2024-01-06T03:58:37.192Z,https://mp.weixin.qq.com/s/Li-bNBwDOc03ghAn5OiyQQ,魔法图 美少女149
2024-01-06T03:58:36.784Z,https://mp.weixin.qq.com/s/1Y0gjCYLB3vobkjAcEx6qw,魔法图 美少女143
2024-01-06T03:58:32.389Z,https://mp.weixin.qq.com/s/ZDqskH1nixIUcHOOUFcMNQ,魔法图 | 美少女133
2024-01-06T03:58:32.360Z,https://mp.weixin.qq.com/s/CfyeQg-UvAeYF1WHcDhzmg,魔法图 | 美少女117
2024-01-06T03:58:31.919Z,https://mp.weixin.qq.com/s/xm1H0feRe8mXamRQ5yuzNw,魔法图 | 美少女314
2024-01-06T03:58:31.223Z,https://mp.weixin.qq.com/s/1CbjE59vnTy6D-oTMPPy9A,魔法图 | 国漫女神 完美世界叶倾仙 斗罗大陆胡列娜
2024-01-06T03:58:30.665Z,https://mp.weixin.qq.com/s/HZSXcwN8q055hWjotb2XWg,魔法图 | 夜景下的美少女 楚楚动人 难以忘怀
2024-01-06T03:58:30.431Z,https://mp.weixin.qq.com/s/wWQna1bVsG2AZIEMJ7KrVQ,魔法图 | 四千年难得一见的美少女 & 女团美少女 200+
2024-01-06T03:58:28.494Z,https://mp.weixin.qq.com/s/QoylLQQYhigGC9V2sKIvQQ,魔法图 | 魔法兔女郎美少女 200+
2024-01-06T03:58:28.342Z,https://mp.weixin.qq.com/s/p3s1WhZGqsQHXYRNLrbWlQ,魔法图 | 新版完美世界清漪和柳神
2024-01-06T03:58:28.032Z,https://mp.weixin.qq.com/s/cc1ajSJMKikn6Os9NHq4BQ,魔法视频：斗罗大陆小舞的双人舞姿
2024-01-06T03:58:27.208Z,https://mp.weixin.qq.com/s/6EXA90W7VyjY46vYTn8pBg,魔法图 | 斗破苍穹年番 美杜莎女王190
2024-01-06T03:58:26.859Z,https://mp.weixin.qq.com/s/bLPzvG8lqtHMUqEdFMvyxg,魔法图 | 比基尼美少女145
2024-01-06T03:58:26.614Z,https://mp.weixin.qq.com/s/hVsIS6SVOcJDiCSDEdD5dQ,魔法图 | Y店美少女 狂嗨派对105
2024-01-06T03:58:24.845Z,https://mp.weixin.qq.com/s/hrZhjNJJjNgBdEJPGtHUSA,魔法图 | 美少女 493张 一次看个够
2024-01-06T03:58:23.885Z,https://mp.weixin.qq.com/s/HOoPfQ2yQylGRhqONIv7DA,魔法图 | 美少女 短发长发秀
2024-01-06T03:58:23.309Z,https://mp.weixin.qq.com/s/UoG4nUbW6UK9wUfjIxPxOQ,魔法图 | 女神图 清纯美少女 | 完美世界柳神 | 镜双城如意夫人
2024-01-06T03:58:23.059Z,https://mp.weixin.qq.com/s/ltFCRgvfS53w-kbMveD00Q,魔法视频 | 美杜莎 美女 罗丽 三部曲 可单
2024-01-06T03:58:22.063Z,https://mp.weixin.qq.com/s/KbrFk8r5jSUWrAbG4PCNyQ,魔法图 | 美少女的恋爱 甜甜蜜蜜 太好看了222p
2024-01-06T03:58:09.754Z,https://mp.weixin.qq.com/s/C2bQ7nXDQe0NrXyA3vU_1w,今日网站已更新 www.jsjia.com
2024-01-06T03:58:08.380Z,https://mp.weixin.qq.com/s/b2eln1Dot9fHteeDKAkgdQ,魔法视频：斗破苍穹极致女神雅妃 好熟的气息 时长管够一次看过瘾
2024-01-06T03:58:07.602Z,https://mp.weixin.qq.com/s/oKTFPT5j2aQ1dZRrVeMaLw,魔法图 | 精灵梦叶罗丽陈思思 | 吞噬星空妖娆 | 完美世界云曦 | 雄兵连鹤熙
2024-01-06T03:58:05.885Z,https://mp.weixin.qq.com/s/p84T9iiNSzVK8vl8W1czkA,魔法视频：云韵 成熟的气质 真是流连忘返
2024-01-06T03:58:05.172Z,https://mp.weixin.qq.com/s/zsUc9dbAtvbPQcZobAuVfQ,魔法视频：云曦仙子 仙气飘飘 真美
2024-01-06T03:58:04.730Z,https://mp.weixin.qq.com/s/R2_cqWB09UPWV-eHOSjiaw,魔法图 | 神印王座圣采儿 | 百炼成神云落 | 秦时明月月神
2024-01-06T03:58:04.196Z,https://mp.weixin.qq.com/s/MYrUyr4P4J5YFKDXb9tpOw,魔法图 | 国风圣诞美少女 对你都是偏爱
2024-01-06T03:58:02.706Z,https://mp.weixin.qq.com/s/afAlHwa5vyjdbjCu4ThNSw,魔法图 | 动漫女神 神印王座-冷筱 | 炼气十万年-鱼三娘 | 西行记-摩璎
2024-01-06T03:58:00.041Z,https://mp.weixin.qq.com/s/IHPDNQSqbuXVdCGFjJ-9Qg,魔法图 | 国漫女神 完美世界-魔女 | 修罗武神-苏柔
2024-01-06T03:57:59.754Z,https://mp.weixin.qq.com/s/SDk-He004j52MtbkJhmFaw,魔法图 | 斗破苍穹美杜莎女王 | 炎莉 | 完美世界叶倾仙
2024-01-06T03:57:59.394Z,https://mp.weixin.qq.com/s/KJcIaSBF5MjFUj6FX2xOtw,魔法图 | 镜双城 如意夫人
2024-01-06T03:57:58.521Z,https://mp.weixin.qq.com/s/o79fA-c8ZRoLpEB4C2cDTA,魔法图 | 户外女神 | 斗罗大陆夭夜 | 永生方清雪 | 斗破苍穹柳菲 | 恶魔法则薇薇安178p
2024-01-06T03:57:57.799Z,https://mp.weixin.qq.com/s/8XV1l4u9VxQ9zNjKE8lSUA,魔法图 | 沧元图柳七月 | 可爱妲己
2024-01-06T03:57:55.155Z,https://mp.weixin.qq.com/s/7KOiXuwArq2xiyAfq14Qjw,魔法图 | 国漫女神 神印王座圣采儿 | 永劫无间季莹莹 | 不良人降臣 | 鬼灭之刃蝴蝶忍 | 武映三千道黛夭夭
2024-01-06T03:57:54.439Z,https://mp.weixin.qq.com/s/Ia1zCrv6yzGgBNC4RElJbg,魔法图 | 国漫女神 斗罗大陆小舞百炼成神云落
2024-01-06T03:57:53.432Z,https://mp.weixin.qq.com/s/ZK6sTbLOMcrd6-zqFIkbkQ,魔法图 | 国漫女神 完美世界清漪 | 遮天林佳
2024-01-06T03:57:52.944Z,https://mp.weixin.qq.com/s/z9_55OABE6sc8RmFPOcEWQ,魔法图 | 国漫女神 斗破苍穹 韩月& 苏媚
2024-01-06T03:57:50.802Z,https://mp.weixin.qq.com/s/C7p7zGNJcVeGCNBxDF_-dA,壁纸 | 美杜莎女王 黑礼服开叉长裙美腿秀
2024-01-06T03:57:50.303Z,https://mp.weixin.qq.com/s/jWSWHDS7URohI7CICo5yBA,魔法图 | 完美世界叶倾仙 | 柳神 绝世佳人
2024-01-06T03:57:50.050Z,https://mp.weixin.qq.com/s/zk0g-hAv3DKkE7_JnhwU-g,魔法图 | 遮天 李小曼|林佳 | 不良人蚩梦
2024-01-06T03:57:49.442Z,https://mp.weixin.qq.com/s/BBiR13bmxp7QFBWkQnBCOA,魔法 | 天行九歌-赤练 | 国风神女美少女 | 画江湖不良人-巴戈
2024-01-06T03:57:48.937Z,https://mp.weixin.qq.com/s/uz_zF0YcXY7Q9VGvbxYVPA,魔法图 | 完美世界-芙蕖 | 少年歌行-司空千落
2024-01-06T03:57:48.399Z,https://mp.weixin.qq.com/s/5OCRXLylSUoVMXNJkpsk9Q,魔法图 | 高贵美少女公主 | 我捡起了一地属性-颜无忧
2024-01-06T03:57:47.578Z,https://mp.weixin.qq.com/s/X1MfYtHTAtmItbznrdYQTA,魔法图 | 顶级女神 白蛇缘起小青 | 斗破苍穹雅妃 | 精灵梦叶罗丽-王默 | 倩女幽魂-阿初 | 秦时明月石兰
2024-01-06T03:57:47.454Z,https://mp.weixin.qq.com/s/R8TGRYhB-MNghp8Uesdczw,魔法图 | 神印王座-蓝妍雨 | 万界神主-安雪 超顶女神 顶级颜值身材
2024-01-06T03:57:46.260Z,https://mp.weixin.qq.com/s/HFS3eb1pvHnM26ow8miThQ,魔法图 | 神印王座 圣采儿 | 吞噬星空-江芳 | 完美世界-月婵
2024-01-06T03:57:45.080Z,https://mp.weixin.qq.com/s/AacFInwTorFQ-3pldjcxUw,魔法图 | 完美世界-新版云曦 | 完美世界-雨紫陌 | 仙逆-柳眉
2024-01-06T03:57:42.271Z,https://mp.weixin.qq.com/s/8MawcmqBdHyGpwGOOTtyAw,魔法图 | 顶级动漫女神 完美世界云曦 | 仙逆李慕婉
2024-01-06T03:57:41.750Z,https://mp.weixin.qq.com/s/-0Q6l_cccYyfKw9UyjH3LA,魔法图 | 顶级动漫女神 雄兵连-鹤追 | 暗河传-慕雪微 | 永劫无间-顾清寒
2024-01-06T03:57:41.369Z,https://mp.weixin.qq.com/s/-YlpYVZtBCjjXmeb8dz5ZQ,魔法图 | 顶级动漫女神 星辰变-玉贵妃 | 画江湖不良人-石瑶
2024-01-06T03:57:39.693Z,https://mp.weixin.qq.com/s/Jag2brCnUEY1brgkHyJ9aw,魔法图 | 完美世界-叶倾仙 | 少年锦衣卫-九公主
2024-01-06T03:57:39.113Z,https://mp.weixin.qq.com/s/PGjIbUtRdKuUqFgXgc2pZg,魔法图 | 独步逍遥-武翡 | 绝世唐门-马小桃 | 逆天邪神-茉莉
2024-01-06T03:57:38.777Z,https://mp.weixin.qq.com/s/zxltFdShdoUFFgjD1Sg9bg,魔法图 | 天行九歌焰灵姬 | 王者荣耀 海月
2024-01-06T03:57:36.689Z,https://mp.weixin.qq.com/s/oLXdRyEc0aP5RuKfTc9I2A,魔法图 | 仙逆-李慕婉泳池秀 | 仙剑奇侠传-柳梦璃户外美图
2024-01-06T03:57:36.317Z,https://mp.weixin.qq.com/s/QK1PLYWQijXPy_pvHObcCQ,魔法图 | 独步万古-颜沫雪 | 仙逆-柳眉 | 堕玄师-虚平子
2024-01-06T03:57:35.521Z,https://mp.weixin.qq.com/s/N7D68eFah3j0KUVca9RM6Q,魔法图 | 王者荣耀-公孙离 | 吞噬星空-汤永晴
2024-01-06T03:57:34.490Z,https://mp.weixin.qq.com/s/iCsxxzVIcehruZyWYXzGvQ,魔法图 | 姐妹花双倍的快乐，还不心动么
2024-01-06T03:57:34.227Z,https://mp.weixin.qq.com/s/v_auqN6d-tXIiIOLS-GSYw,魔法图 | 第一序列-杨小槿 | 比比东 | 朋克猫耳美少女
2024-01-06T03:57:33.508Z,https://mp.weixin.qq.com/s/6hOM755DgVtmA_3RVyxQqA,魔法图 | 百炼成神-云落 | 顶级媚娘美少女
2024-01-06T03:57:32.024Z,https://mp.weixin.qq.com/s/mP5Q5MT0gdNgYCjWPWv1jg,魔法图 | 水中仙子 顶级美少女 193
2024-01-06T03:57:31.074Z,https://mp.weixin.qq.com/s/5jU7Pv7eLIj1X0R-ULgKFg,魔法图 | 美少女顶级修女装 145
2024-01-06T03:57:30.558Z,https://mp.weixin.qq.com/s/EcU6k2rcQFMNQBtcn3XqYw,魔法图 | 超顶美少女上司上线122
2024-01-06T03:57:29.979Z,https://mp.weixin.qq.com/s/d1d7SNWT72_EYWumpXGazA,魔法图 | 美少女混战
2024-01-06T03:57:29.412Z,https://mp.weixin.qq.com/s/88DqLINOkZQzYrlabXr9cQ,魔法图 | 美少女133
2024-01-06T03:57:28.935Z,https://mp.weixin.qq.com/s/QVucgBBOLZKaQiP_8MtqcA,魔法图 | 美少女112
2024-01-06T03:57:28.529Z,https://mp.weixin.qq.com/s/z8usaUPbnU8SUCh6JF-9wQ,魔法图 | 雪鹰领主 许琴 175p
2024-01-06T03:57:26.817Z,https://mp.weixin.qq.com/s/GkfbhBDuSdqu32atmAehWg,魔法图 | 顶级柳神小白+户外美少女 YYDS 178p
2024-01-06T03:57:26.373Z,https://mp.weixin.qq.com/s/xIfYtz7z2fehDJacl5nQWQ,魔法图 | 美少女混战篇 157p
2024-01-06T03:57:26.090Z,https://mp.weixin.qq.com/s/m3tvY9T_qylW1y9z3IFgOA,魔法图 | 秦时明月-胡姬 | 美少女
2024-01-06T03:57:25.505Z,https://mp.weixin.qq.com/s/SF8BbKPqCjx2zXqVUaSAxw,魔法图 | 赘婿-陆红提户外 | 狐狸美少女
2024-01-06T03:57:23.559Z,https://mp.weixin.qq.com/s/McqlgBGSgPMMnqLOgMpYZA,魔法图 | 斗破苍穹美杜莎女王 & 顶级美少女
2024-01-06T03:57:23.181Z,https://mp.weixin.qq.com/s/CsPnnpAF6i85FHF2ulbq6Q,魔法图 | 穿越火线云悠悠 & 旗袍美少女
2024-01-06T03:57:21.581Z,https://mp.weixin.qq.com/s/yZiXBoZunPv8VaYydsHkCA,魔法图 | 完美世界女神 月婵仙子 | 太阴玉兔
2024-01-06T03:57:20.224Z,https://mp.weixin.qq.com/s/bYH5RmTVeXorV4-oyQKwpA,魔法图 | 户外古风制服美少女
2024-01-06T03:57:19.604Z,https://mp.weixin.qq.com/s/4dyxaFrpM_0rrsYC5W5ZIg,免费下载 | 极品短发美少女写真
2024-01-06T03:57:19.076Z,https://mp.weixin.qq.com/s/kYcxBuOLbgok9RU-JoMWOw,魔法图 | 长发黑丝美少女搜查官 138p
2024-01-06T03:57:18.601Z,https://mp.weixin.qq.com/s/EhQzdxPKZnqtbv42FSxJ3g,魔法图 | 新世纪福音战士-明日香之毛衣动漫美少女 206p
2024-01-06T03:57:18.208Z,https://mp.weixin.qq.com/s/BsRFMkcFCBJjxzNtN8RNbg,写真｜灰丝袜配灰色系
2024-01-06T03:57:17.778Z,https://mp.weixin.qq.com/s/jJh_MT_EZ4o2Tbg72iBHKA,写真｜很清纯的脸庞
2024-01-06T03:57:16.321Z,https://mp.weixin.qq.com/s/47QeGbIw_R_8mAXFtXviDg,魔法图 | 室内女神旗袍美少女 超顶来袭
2024-01-06T03:57:15.210Z,https://mp.weixin.qq.com/s/hnsJ2d29l63lDC_Kp4Lvxg,魔法图 | 顶级制服女神N扑美少女
2024-01-06T03:57:14.558Z,https://mp.weixin.qq.com/s/lrh0YKeBtQanN-S5Mc_8BQ,魔法图 | 顶级女神火灵儿 + 媚娘绝世容颜
2024-01-06T03:57:14.266Z,https://mp.weixin.qq.com/s/QM01jGaIeeNZYWkSfjUErg,魔法图 | 人间尤物 金发美少女公主
2024-01-06T03:57:14.028Z,https://mp.weixin.qq.com/s/0CWMDxoVuADHnmlQRzLGUg,魔法图 | 户外沙滩丛林韩系美少女175张
2024-01-06T03:57:10.337Z,https://mp.weixin.qq.com/s/fzyg4Ms05S-RNZuu7L6KIg,魔法图 | 丛林美少女户外集 192张
2024-01-06T03:57:10.048Z,https://mp.weixin.qq.com/s/QPYkgQj2ToJ76qjOLEqSMg,魔法图 | 美少女户外圣诞装 超顶 146张
2024-01-06T03:57:09.647Z,https://mp.weixin.qq.com/s/dFP4x2oAwDP7-2fcpK4tpQ,魔法图 | 顶级美少女集合 127张
2024-01-06T03:57:08.811Z,https://mp.weixin.qq.com/s/SWB88NMnSWMOQUv7A407qw,免费壁纸 | 顶级天狐仙子 超美长裙 仙气飘飘
2024-01-06T03:57:08.266Z,https://mp.weixin.qq.com/s/h4RYJ4UYGUmEAl0kluozKQ,魔法图 | 美少女绝美照178张
2024-01-06T03:57:07.820Z,https://mp.weixin.qq.com/s/Ofq6gA2ena9Q--HfU3IRlw,魔法图 美少女绝美照 107张
2024-01-06T03:57:05.561Z,https://mp.weixin.qq.com/s/0KfZ2ssc4jUh3GwA_L67lQ,魔法图 | 堕玄师-沈燃 | 完美世界-火灵儿 | 王者荣耀-大乔花嫁 124张
2024-01-06T03:57:05.332Z,https://mp.weixin.qq.com/s/3nl1w1Q0auGy2skJja3B2Q,魔法图 | 我靠充值当武帝-墨白雪 | 诛仙-朵一 | 紫发黑丝美少女126张
2024-01-06T03:57:05.050Z,https://mp.weixin.qq.com/s/R5XxpSNKz51p_TAAD5dwlg,免费美图 | 逆天邪神-萧冷汐（极品泳装系列）| 完美世界-云曦
2024-01-06T03:57:04.758Z,https://mp.weixin.qq.com/s/sZt2w1JtnIYu5IpKhQL-nQ,美图 | 美若天仙 仙女下凡 顶级女神
2024-01-06T03:57:04.160Z,https://mp.weixin.qq.com/s/lTnsJYxecqcHeXYg89l_5Q,魔法图 | 美少女之花园激战234张
2024-01-06T03:57:03.669Z,https://mp.weixin.qq.com/s/zR3x7YBLqujh3oS0OU-Qsg,魔法图 | 天使礼服姐妹花美少女 双倍快乐192张
2024-01-06T03:57:01.754Z,https://mp.weixin.qq.com/s/wpOjtm4rTOzGSBFcJ-b_Dg,魔法图 | 一遍电话一边魔法的礼服美少女101张
2024-01-06T03:57:01.471Z,https://mp.weixin.qq.com/s/F4XjANI8rs4_NogFmFdTPg,魔法图 | 古风巾帼美少女公主激战篇118张
2024-01-06T03:57:01.115Z,https://mp.weixin.qq.com/s/fyEY05GW86V_jD7axb-pPA,魔法图 | 美杜莎女王 117张顶级魅照
2024-01-06T03:57:00.739Z,https://mp.weixin.qq.com/s/hedjP5Msq6WtfbhQ8nBCkg,魔法图 | 完美世界小魔女 | 银发美少女 113张
2024-01-06T03:56:58.166Z,https://mp.weixin.qq.com/s/UEkXM3eGPjmFiccyClrhvQ,魔法图 | 美少女之萝莉御姐系列 177张
2024-01-06T03:56:57.977Z,https://mp.weixin.qq.com/s/LuV2VvjonlhqZ9augHq4Cw,魔法图 | 金发顶级晨跑运动美少女 209张
2024-01-06T03:56:55.985Z,https://mp.weixin.qq.com/s/nLNz8Xv5KaQA3UVJHXA38A,魔法图 | 一览无余 媚娘+小龙女 229张
2024-01-06T03:56:55.715Z,https://mp.weixin.qq.com/s/6FMms8Qv6koPswcleU-PeQ,魔法图 | 御姐婚纱秀+甜美萌妹子 208张
2024-01-06T03:56:55.310Z,https://mp.weixin.qq.com/s/ibKAzPJXc6xH2HSZv8F9Rw,魔法图 | 一览无余美杜莎女王|上仙美少女183张
2024-01-06T03:56:54.869Z,https://mp.weixin.qq.com/s/CC5_9snQsd_gq2CQlWomIA,魔法图 | 姬子Himeko | 沙滩甜美少女 136张
2024-01-06T03:56:54.600Z,https://mp.weixin.qq.com/s/-36tuLOOu6E7TNgrLQ9GJQ,美图 | 极品女神 美杜莎 夭夜公主
2024-01-06T03:56:53.247Z,https://mp.weixin.qq.com/s/_qde_8leMV4Ia6xANSKmAg,魔法图 | 豪华私人飞机上的空战美少女245张
2024-01-06T03:56:52.865Z,https://mp.weixin.qq.com/s/LsSAsyo18q4p8FSJg7x3rw,魔法图 | 户外丛林美少女一起战斗吧 147张
2024-01-06T03:56:52.239Z,https://mp.weixin.qq.com/s/hOHVz3qq6zLi2D0fZXRajg,美图 | 顶级女神 波塞西+王语嫣
2024-01-06T03:56:52.063Z,https://mp.weixin.qq.com/s/zyFr2Cq3CjmFDH9foRyFBA,写真 | 徐莉芝 | 周于希 | 杨晨晨 | 朱可儿
2024-01-06T03:56:51.417Z,https://mp.weixin.qq.com/s/3UZMzzlgvzH1NtQG0mJ8FQ,魔法图 | 沈梦雪 | 熏儿 | 云曦 144张
2024-01-06T03:56:51.085Z,https://mp.weixin.qq.com/s/4DJkqJrE-a4AsZqgHl6flQ,魔法图 | 焰灵姬 美少女系列 150张
2024-01-06T03:56:49.665Z,https://mp.weixin.qq.com/s/cm1F0YnSMHPehB6k0ifu-w,重要通知：萧炎美杜莎女王二人喜得千金潇潇
2024-01-06T03:56:49.369Z,https://mp.weixin.qq.com/s/YXC7yoeImvijpCvMmzkbVQ,新晋国漫女神：李慕婉
2024-01-06T03:56:48.647Z,https://mp.weixin.qq.com/s/8Yxc-gTyir2zn_OmzjGvmQ,魔法图 | 芈月 | 雅妃 | 彼曼曼 137 张
2024-01-06T03:56:48.306Z,https://mp.weixin.qq.com/s/Ts7NhG-mEUnQVxcQqwH03g,魔法图 | 玛奇玛 美少女 209张
2024-01-06T03:56:48.011Z,https://mp.weixin.qq.com/s/y6QAPRKLj-VDZwVYePe7ag,写真 | 诗诗 | 安然 | 浅浅 | 陆萱萱 247张
2024-01-06T03:56:47.431Z,https://mp.weixin.qq.com/s/DFXVeR1VeaECIfXULmH2Ww,写真 | 林星阑 | 奶瓶 | 王雨纯 | 严利娅 332张
2024-01-06T03:56:45.519Z,https://mp.weixin.qq.com/s/7ILZWtWPCroq3kmTF3MLCw,魔法图 | 日韩系美少女 183张
2024-01-06T03:56:45.091Z,https://mp.weixin.qq.com/s/orF_EU0RJD6gafe7Z0hu6A,魔法图 | 空姐系美少女 | 纳兰嫣然 141张
2024-01-06T03:56:44.894Z,https://mp.weixin.qq.com/s/bIm8GS9ozWZw9N3l7be0JA,美图 | 斗破苍穹 纳兰嫣然 比基尼装
2024-01-06T03:56:44.194Z,https://mp.weixin.qq.com/s/rL7vJcO4BEsX-EGIawKl6w,写真 | 王雨纯 | 周于希Sally | 杨晨晨 | 周妍希 343张
2024-01-06T03:56:43.779Z,https://mp.weixin.qq.com/s/4b5R2IJN7_BdIRWznHiGmQ,写真 | LindaLinda | 王馨瑶yanni | 王雨纯 | Carol周妍希 298张
2024-01-06T03:56:43.140Z,https://mp.weixin.qq.com/s/RpzAUrsPxBG4YzCHzZ5Png,魔法图 | 暗河传-白鹤淮 | 墓王之王-林水瑶 | 少年歌行-幕雨墨 | 仙逆-李慕婉 126张
2024-01-06T03:56:41.281Z,https://mp.weixin.qq.com/s/v8zcTkB8ZnNhq1fknd2UOQ,魔法图 | 斗破苍穹-雅妃 | 长安幻街-彼曼曼 103张
2024-01-06T03:56:40.892Z,https://mp.weixin.qq.com/s/qLc8eNzl1SsaLuOjlVt8UA,【写真下载】xr7280 Carol周妍希 91p
2024-01-06T03:56:40.153Z,https://mp.weixin.qq.com/s/G-vbJ-yJ7fZWqE-hm8-lRQ,【写真下载】xr7246 沈青黛 79p
2024-01-06T03:56:39.998Z,https://mp.weixin.qq.com/s/e-TE0Q0qlN7pZ5bU17YkPA,【写真下载】xr7271 郑颖姗81p
2024-01-06T03:56:39.384Z,https://mp.weixin.qq.com/s/B6LxXx3H2wtkYomnJKX2KA,【写真下载】xr7265 曼柔 60p
2024-01-06T03:56:35.225Z,https://mp.weixin.qq.com/s/lXO6uu0a7yznxeIYr9rrHg,【写真下载】xr7269 杨晨晨Yome 83p
2024-01-06T03:56:34.449Z,https://mp.weixin.qq.com/s/MHs_tasAaJkp3-iH65ZwKw,【写真下载】xr7257 周于希Sally 香肩美人79p
2024-01-06T03:56:33.742Z,https://mp.weixin.qq.com/s/6JEl0x6CWvG6dH36GH0L8Q,【写真下载】xr7270 summer宝宝 59p
2024-01-06T03:56:32.929Z,https://mp.weixin.qq.com/s/3vPk9Ban4eAilp6ZG4asHw,【写真下载】xr7274 波巧酱 90p
2024-01-06T03:56:21.224Z,https://mp.weixin.qq.com/s/JShoVZNsNZMPWqj-fjpvpQ,【写真下载】xr7279 苏苏阿
2024-01-06T03:56:19.450Z,https://mp.weixin.qq.com/s/rNdCecfeIkKwuYGPuYcB4g,【魔法美图】国风 | 黑丝 美少女 149 张
2024-01-06T03:56:14.962Z,https://mp.weixin.qq.com/s/vzak-cNN9Cl1auT-0HeCjA,【魔法美图】红装美少女 165张
2024-01-06T03:55:22.830Z,https://mp.weixin.qq.com/s/xIQKIGozFBB_8csHkWnYCg,“男人恋爱时最想做的事”
2024-01-06T03:55:21.879Z,https://mp.weixin.qq.com/s/lbbCyCc87YhJ_I_XDhOssA,“受不了一点”（很久没有更新了）
2024-01-06T03:55:21.256Z,https://mp.weixin.qq.com/s/2ijIfSy6jLfSB7-Ov36G9A,“别在这地方”
2024-01-06T03:55:19.198Z,https://mp.weixin.qq.com/s/bW2C2MSqhH1NpOx84nV8nw,“女人动了心才有的表现”
2024-01-06T03:55:18.930Z,https://mp.weixin.qq.com/s/O3Bxe3mVCNGqL0KtMzZSGw,“别仗着身体好想做那个”
2024-01-06T03:55:18.889Z,https://mp.weixin.qq.com/s/PELbDpwhlKI8_kJb4JECng,“不要轻易说分手”
2024-01-06T03:55:17.040Z,https://mp.weixin.qq.com/s/XqGm058bD9jCOtLIesSP7A,“第一次还是有点疼的”
2024-01-06T03:55:05.827Z,https://mp.weixin.qq.com/s/1MiFu1I1sspppEQp1FVsfg,“ 我们 可以视频看一下吗”
2024-01-06T03:55:04.409Z,https://mp.weixin.qq.com/s/h0XodcigkcBkMnN4jzQl3Q,“女生想让你泡她的表现”
2024-01-06T03:55:03.271Z,https://mp.weixin.qq.com/s/PuCwrXXrvjO3t-L-YKwmug,“我只用了三分钟!!!”
2024-01-06T03:55:01.945Z,https://mp.weixin.qq.com/s/y9gk_lLvHkzDHqAS7xOPNA,不要急，我喜欢慢慢来
2024-01-06T03:54:58.773Z,https://mp.weixin.qq.com/s/0ASunegOkrY9Z2Qz7R2TeQ,“女孩子真的很好哄的”
2024-01-06T03:54:58.198Z,https://mp.weixin.qq.com/s/ymxjC2H9VE4kYe5Y1j0XIg,“对不起 有点短”
2024-01-06T03:54:58.058Z,https://mp.weixin.qq.com/s/cRw4Cbm2JJzMs0pzKjs8Eg,“一认真就白给”
2024-01-06T03:54:57.100Z,https://mp.weixin.qq.com/s/MZ4IPZbKM9b-9zGbBqJ0ng,“男朋友为什么总是那么快”
2024-01-06T03:54:56.551Z,https://mp.weixin.qq.com/s/K3OvxCCH7XDN3V1DzjjjUA,“女生谈恋爱的通病”
2024-01-06T03:54:53.925Z,https://mp.weixin.qq.com/s/mGAioKQJtx01HLq9eeL4OQ,“让女生觉得舒舒服服的方式”
2024-01-06T03:54:53.307Z,https://mp.weixin.qq.com/s/jeStugLZy5TT8j6UCM7z5Q,“女孩子的身体不会说谎”
2024-01-06T03:54:53.019Z,https://mp.weixin.qq.com/s/ExxuS7EVuvsL_iXV6InE9g,“有你们，真好”
2024-01-06T03:54:52.030Z,https://mp.weixin.qq.com/s/VWiVFaaEbICC8aDM5TlDBA,妙妙最新私人自拍照片
2024-01-06T03:54:51.724Z,https://mp.weixin.qq.com/s/33FZOTYpDTtI4N1MfThB0A,“让男人更强的三个动作”
2024-01-06T03:54:50.440Z,https://mp.weixin.qq.com/s/7V8S_8L8DZHdVxd1FOQ6Ew,总有那么一款是你喜欢的
2024-01-06T03:54:50.425Z,https://mp.weixin.qq.com/s/IEaYRbDzCEe2LS1WBNUnfw,“男人就是忍不住”
2024-01-06T03:54:50.401Z,https://mp.weixin.qq.com/s/PHwijuWA4TVW4HiOf3j5Bg,“恋爱中最舒服的事是什么”
2024-01-06T03:54:50.381Z,https://mp.weixin.qq.com/s/ihAY6WSb1-GCXFmaBBXKsg,“男人要的是感觉”
2024-01-06T03:54:45.666Z,https://mp.weixin.qq.com/s/3iazWFZSazQNDwVsL31z3A,“给我亲一口”
2024-01-06T03:54:45.190Z,https://mp.weixin.qq.com/s/kmq1kygfKn1WTKz1Yc2rmA,“越来越大胆”
2024-01-06T03:54:44.727Z,https://mp.weixin.qq.com/s/D8IzokkwV0UwYhvQ-3jZkw,“睡前这么撩 无法抗拒”
2024-01-06T03:54:44.271Z,https://mp.weixin.qq.com/s/-gElHgOhqdN8MXz_zw1Alg,“ 一个人睡有点冷了”
2024-01-06T03:54:43.897Z,https://mp.weixin.qq.com/s/OoeKD55FR4v8wRnzGkjRIQ,“从一眼 开始着迷”
2024-01-06T03:54:42.255Z,https://mp.weixin.qq.com/s/B8Tp2qh6y8X9vBwjvLS1Aw,“仅你可见”
2024-01-06T03:54:41.815Z,https://mp.weixin.qq.com/s/rhn3U9-vgvArsptdxb226A,“安慰男人的正确方式”
2024-01-06T03:54:41.633Z,https://mp.weixin.qq.com/s/oXwPl8jTz5rMnGXWPmAVDA,“男生希望收到的礼物”
2024-01-06T03:54:40.902Z,https://mp.weixin.qq.com/s/-c8JZ8h1ELEPZRYVjU8MVQ,“宝贝，别太用力”
2024-01-06T03:54:40.463Z,https://mp.weixin.qq.com/s/skhAy-0s4yvEXO64U8f9IA,“一出门就忍不住”
2024-01-06T03:54:38.669Z,https://mp.weixin.qq.com/s/UchXqbnecf9gPjep-IdMrA,“泡在水里太久”
2024-01-06T03:54:38.434Z,https://mp.weixin.qq.com/s/Z4g9MQe_jzFEF_Tz5Ampng,“男生宿舍都聊什么”
2024-01-06T03:54:37.822Z,https://mp.weixin.qq.com/s/h9d0NYv3cqtNBGzrYQkwoA,“哪天 喝醉 吻了你”
2024-01-06T03:54:37.123Z,https://mp.weixin.qq.com/s/yrFwfAUUZDt8L2eIJ8SizQ,“就是天热才想要啊”
2024-01-06T03:54:34.152Z,https://mp.weixin.qq.com/s/WiDUPsfzg4J-K2JF9veMYA,“谁还没点癖好了”
2024-01-06T03:54:33.655Z,https://mp.weixin.qq.com/s/688cs7J19IKQX4scxrZCJA,“不要仗着年轻身体好就可以”
2024-01-06T03:54:32.672Z,https://mp.weixin.qq.com/s/86Iz1zalWeE3SgLihH_gJg,“她讲那时的感受”
2024-01-06T03:54:31.744Z,https://mp.weixin.qq.com/s/fUpKBa1NNU6yxpGmsfOYUQ,柔情似水，佳期如梦
2024-01-06T03:54:30.720Z,https://mp.weixin.qq.com/s/xMzdUJEkzYll5bhgoqL7Sw,“这怎么能叫猴急呢”
2024-01-06T03:54:28.988Z,https://mp.weixin.qq.com/s/VrfeNsZzfxs_-1m_4AUcqg,“快来 受不了了”
2024-01-06T03:54:28.603Z,https://mp.weixin.qq.com/s/ETruzKq9Z8Tjg9eDT_Qp_Q,“一起运动的好处”
2024-01-06T03:54:28.070Z,https://mp.weixin.qq.com/s/RnOVFpC3aSP1UwhldA0qkw,“我每天都在想你”
2024-01-06T03:54:27.565Z,https://mp.weixin.qq.com/s/i4xdL1AK7lr04f6nXnWhXQ,“男人的喜欢就是忍不住”
2024-01-06T03:54:25.703Z,https://mp.weixin.qq.com/s/L6XmEJ4WHj_lOZyl-NVTLQ,“把男人哄上天的招”
2024-01-06T03:54:25.212Z,https://mp.weixin.qq.com/s/05E-ngtzFPyvPSIWQwL-Ww,“憋坏了对身体不好”
2024-01-06T03:54:24.702Z,https://mp.weixin.qq.com/s/hz25rLy23lITyfBT_zxvVw,“在卫生间好几次”
2024-01-06T03:54:24.332Z,https://mp.weixin.qq.com/s/Oi8sPl-5X8fcDqo3-TQVWQ,“当女生主动”
2024-01-06T03:54:23.613Z,https://mp.weixin.qq.com/s/ToGf7UXPGY73wuAcg-z1jA,“女孩子真的很好哄的”
2024-01-06T03:54:22.882Z,https://mp.weixin.qq.com/s/nOjqigqG6R150QxrNgwtRQ,“其实她都懂”
2024-01-06T03:54:21.740Z,https://mp.weixin.qq.com/s/O4h5o5w1xZG_F-BmwmKAVw,“我做不来”
2024-01-06T03:54:20.737Z,https://mp.weixin.qq.com/s/3KbEFTkl-TA3bIplDS2iXw,“真的很想 要你”
2024-01-06T03:54:19.988Z,https://mp.weixin.qq.com/s/gMKEbYOBWPpI8kjJ_r0NNQ,“别太用力”
2024-01-06T03:54:18.285Z,https://mp.weixin.qq.com/s/uYjH7GfK8w9Wf7zhq6VSpg,“那天 我们第一次做”
2024-01-06T03:54:17.688Z,https://mp.weixin.qq.com/s/P-TD_Tu9a7mt-RK9F5HEiw,“记得好好爱自己”
2024-01-06T03:54:17.455Z,https://mp.weixin.qq.com/s/6zlAy13PLtMdx7-KO5-n2g,“你弄疼我了”
2024-01-06T03:54:17.426Z,https://mp.weixin.qq.com/s/VQirmDjJ3EXTayI1ra72_w,“学着放手”
2024-01-06T03:54:16.242Z,https://mp.weixin.qq.com/s/DN9t5ATqSJEJxA0BY-4Mbw,“成年人 得靠勾引”
2024-01-06T03:54:14.127Z,https://mp.weixin.qq.com/s/RanuzVsEakS25e2GTQWWjQ,你张嘴，我的宝贝只给你一个人吃
2024-01-06T03:54:13.712Z,https://mp.weixin.qq.com/s/biz1O4EMeZQTFiv7GTsfFA,过后就睡着了
2024-01-06T03:54:13.301Z,https://mp.weixin.qq.com/s/Aww9li7gn5gmkRIe-CBlOw,“本来是不在意长短的”
2024-01-06T03:54:12.700Z,https://mp.weixin.qq.com/s/XvaO43eKHIo0J9F7cYIF6Q,“一会就湿了”
2024-01-06T03:54:11.813Z,https://mp.weixin.qq.com/s/Ie5J1KajL6D55iL2E4OCdQ,“你要学会一松一紧”
2024-01-06T03:54:03.762Z,https://mp.weixin.qq.com/s/1PzeHpGZsYb1EaJRe0I7nw,为什么越来越多的男生 不想找女朋友了
2024-01-06T03:54:03.285Z,https://mp.weixin.qq.com/s/TVgDdooeuOmC-Ji8Ci297g,“我单身的日子”
2024-01-06T03:54:02.878Z,https://mp.weixin.qq.com/s/gRge0bav5oN3bu4EuIEzxg,“可以去你家吹空调吗”
2024-01-06T03:54:01.957Z,https://mp.weixin.qq.com/s/qkQAg7xbqFqpLg7PG8Ooaw,“每天一次谁受得了”
2024-01-06T03:53:59.466Z,https://mp.weixin.qq.com/s/lXFwNyVmoVCEhr15mZbK-Q,“换个姿势，再来一次”
2024-01-06T03:53:58.761Z,https://mp.weixin.qq.com/s/digJ0SxUVlM-gIa35iRaDw,宝贝，别太紧，放松一点
2024-01-06T03:53:58.368Z,https://mp.weixin.qq.com/s/jUI67qgjBy15M4LI6maPCA,“先爱自己，再爱你”
2024-01-06T03:53:57.828Z,https://mp.weixin.qq.com/s/0KLDdH0_xUyIqDHSBFDFaA,“能快乐多一秒是一秒”
2024-01-06T03:53:57.246Z,https://mp.weixin.qq.com/s/SYIHsEOE0jOzz6uK4aRLBg,“小学生恋爱”
2024-01-06T03:53:55.195Z,https://mp.weixin.qq.com/s/COJ1AhZJXPsibYNFkBzvVQ,“女生倒贴的行为”
2024-01-06T03:53:54.892Z,https://mp.weixin.qq.com/s/2RfKUL8IbGB021p0psyyOg,让男朋友无法抵抗的撒娇
2024-01-06T03:53:54.302Z,https://mp.weixin.qq.com/s/TZZVeueYGkHAG4zQ8dNWwQ,“纯爱才是大赢家”
2024-01-06T03:53:53.851Z,https://mp.weixin.qq.com/s/pEUYwHLnh-s6p_7Zx8JTCQ,“其实男生也需要安全感”
2024-01-06T03:53:52.040Z,https://mp.weixin.qq.com/s/gZ3gc9s_oEFlAgDkWHg46A,“女生谈恋爱的通病”
2024-01-06T03:53:51.434Z,https://mp.weixin.qq.com/s/csBXSWSJTaHn5TaGXTSD8Q,“宝 有些姿势很伤身的”
2024-01-06T03:53:50.675Z,https://mp.weixin.qq.com/s/Jg4_cOQbu7xE1eAlZc60zA,“至少要一次”
2024-01-06T03:53:50.130Z,https://mp.weixin.qq.com/s/R1iw6Alvdz_XswsHL1s-NQ,跨越千里去睡你
2024-01-06T03:53:49.629Z,https://mp.weixin.qq.com/s/2fssmZrXcsPbJj-bINNKcw,“和饭搭子一起炫火锅呀”
2024-01-06T03:53:48.433Z,https://mp.weixin.qq.com/s/4TgqH0oWgtJ-IPx7nnlasg,“拥有女朋友的好处”
2024-01-06T03:53:48.346Z,https://mp.weixin.qq.com/s/n-BMZxP0rM0WopXGrF15YQ,“想我就来见我”
2024-01-06T03:53:47.232Z,https://mp.weixin.qq.com/s/nEajInJXpSgsAfi5kvDNEg,“男人这个需求，你必须满足”
2024-01-06T03:53:46.593Z,https://mp.weixin.qq.com/s/X4DJN60pNZbFWIZWmaO3NQ,“把你按在墙上亲到腿软”
2024-01-06T03:53:44.205Z,https://mp.weixin.qq.com/s/n6H7arHkrmJJjiRiN9rT6A,“两个人在一起最舒服的关系”
2024-01-06T03:53:43.724Z,https://mp.weixin.qq.com/s/2Ik7mcZkMQfbSM2qm0BdXg,“为什么男人那么着急”
2024-01-06T03:53:43.285Z,https://mp.weixin.qq.com/s/8sbq6SbxbOmIi_oUkE6-Ig,“我把自己弄湿了”
2024-01-06T03:53:42.692Z,https://mp.weixin.qq.com/s/zTWrWtXx_ZRBZrPlLpK4OQ,“雨天安慰自己”
2024-01-06T03:53:42.148Z,https://mp.weixin.qq.com/s/shju28a6xCydk0HHXX6gTg,“恋爱脑日记”
2024-01-06T03:53:40.227Z,https://mp.weixin.qq.com/s/jtmfw3PT5iGf8xwsutYg0w,“今晚我家没人。”
2024-01-06T03:53:39.721Z,https://mp.weixin.qq.com/s/3tzLUQI2JTUHPIG8BL3I2A,“女生的第1次vs女生的第100次”
2024-01-06T03:53:39.130Z,https://mp.weixin.qq.com/s/mqDxubYH_kmT7j4cbHp2-Q,“为什么男人爽完就后悔？！”
2024-01-06T03:53:38.503Z,https://mp.weixin.qq.com/s/pUqItC-gVVmkvPRxjw8qKQ,“本来是不在意长短的”
2024-01-06T03:53:36.146Z,https://mp.weixin.qq.com/s/6mmIPSOqvMb1Vxh2W7gdDQ,“你只准和我做”
2024-01-06T03:53:35.622Z,https://mp.weixin.qq.com/s/ne14g-PmpI5MHRQAdAvomg,“觉得出去搞搞没什么”
2024-01-06T03:53:34.758Z,https://mp.weixin.qq.com/s/q4nB8kQ7ICcuY32Es5IdFQ,“成年人那点事没有假如”
2024-01-06T03:53:34.106Z,https://mp.weixin.qq.com/s/rV5kEQoopFtCAdb35PNEPA,“有些特殊关系，是很廉价的”
2024-01-06T03:53:33.584Z,https://mp.weixin.qq.com/s/Fmrn8YtYsT1016AyhGg4QA,“ 讨好自己不香吗？”
2024-01-06T03:53:31.874Z,https://mp.weixin.qq.com/s/O8DheAlObOajr4oBN6NCdg,“又到了周末，好开心”
2024-01-06T03:53:31.155Z,https://mp.weixin.qq.com/s/556Pg3zIwzp4zaDw3gO7Ww,“想要你的第一次 好吗”
2024-01-06T03:53:30.769Z,https://mp.weixin.qq.com/s/yTYlFxEVot2KFL_ftbqGeg,“适合情侣玩的超兴奋游戏”
2024-01-06T03:53:30.073Z,https://mp.weixin.qq.com/s/8ip-zKFFyeN1nbdFULFNag,“摸着没你想的那么舒服”
2024-01-06T03:53:29.636Z,https://mp.weixin.qq.com/s/nhG8PdNRXxseCQ1P79vSNA,“睡过又怎样”
2024-01-06T03:53:27.322Z,https://mp.weixin.qq.com/s/ThStoy428uZy1B1AIrPtrw,“女生也要让自己快乐快乐！”
2024-01-06T03:53:26.941Z,https://mp.weixin.qq.com/s/u2iLfzc7r0wnXHS5K9LvyA,“喜欢看她摇摇晃晃”
2024-01-06T03:53:26.522Z,https://mp.weixin.qq.com/s/Lpv0HguGjqfP055sd3A9Jw,“他太急了我顶不住了”
2024-01-06T03:53:25.893Z,https://mp.weixin.qq.com/s/r8vjy_BGMBqtxsyEL9vPSA,“少年，玩冰块吗？”
2024-01-06T03:53:22.959Z,https://mp.weixin.qq.com/s/NqWKQD5oCAwZ0UKo8yAClw,“那个太大了”
2024-01-06T03:53:22.573Z,https://mp.weixin.qq.com/s/T4-HH-AAKslGeoeps5avQA,“他转身就睡了”
2024-01-06T03:53:21.956Z,https://mp.weixin.qq.com/s/hid2IYCa6x9GQUDoLozdNQ,“如何看一个男人行不行”
2024-01-06T03:53:21.499Z,https://mp.weixin.qq.com/s/IVWwV0Pd9AAB62Bgf51hiA,“让男友无法抵抗的小技巧”
2024-01-06T03:53:20.990Z,https://mp.weixin.qq.com/s/ti6u6niD9Ra2qQGw2onhYA,“今晚一起睡觉吧”
2024-01-06T03:53:19.256Z,https://mp.weixin.qq.com/s/Nq8WRaTzg7Bw37NWoBb43g,“情人之间不能做的事”
2024-01-06T03:53:18.837Z,https://mp.weixin.qq.com/s/iBHjJaYsCaEL0AmBEGMdtQ,“你想不想试试”
2024-01-06T03:53:18.426Z,https://mp.weixin.qq.com/s/eHAeoj3YJ6lZ6r0bjliTgg,“根本受不了”
2024-01-06T03:53:17.844Z,https://mp.weixin.qq.com/s/YfTBmHoZsa25c_OyELm5kw,“男人的禁区，你不要试探”
2024-01-06T03:53:16.062Z,https://mp.weixin.qq.com/s/EP-MCUrBsimsmHFzizTcIg,“我就蹭一蹭”
2024-01-06T03:53:15.683Z,https://mp.weixin.qq.com/s/GwlGBY2WBX2ju_B15gkBgw,“别再等了”
2024-01-06T03:53:15.176Z,https://mp.weixin.qq.com/s/-aXfP3Llg8j1oAuPnWschg,“恋爱脑的表现”
2024-01-06T03:53:14.770Z,https://mp.weixin.qq.com/s/PsWeoL_LcSZZxLhTAQYo5g,“让女生觉得舒舒服服的方式”
2024-01-06T03:53:14.462Z,https://mp.weixin.qq.com/s/vCUkfxh6_BB4Z-YWWHR7zg,“女孩子的身体不会说谎”
2024-01-06T03:53:13.061Z,https://mp.weixin.qq.com/s/t3YOLf2K60J3iYJ22o2dPg,“有你们，真好”
2024-01-06T03:53:11.630Z,https://mp.weixin.qq.com/s/WelUxvX68LO-gxi2pQW3bQ,“为什么会有人网曝狗狗呀”
2024-01-06T03:53:11.244Z,https://mp.weixin.qq.com/s/mtu83MvMtGo_oeiC_Bup1w,“折腾了一晚上”
2024-01-06T03:53:10.622Z,https://mp.weixin.qq.com/s/CEUQu-pPlgOy8TialU-gUA,“我摸摸 我摸摸”
2024-01-06T03:53:09.118Z,https://mp.weixin.qq.com/s/J80Hc3k7vZqbqcSfuNXIJg,“泰裤辣”
2024-01-06T03:53:08.680Z,https://mp.weixin.qq.com/s/2HvdcuphkprGMzxs88D_7Q,“给男朋友看的”
2024-01-06T03:53:08.285Z,https://mp.weixin.qq.com/s/xEHb2MGH2E7vXBJtGWdgGw,“淄博烧烤是什么味道”
2024-01-06T03:53:07.656Z,https://mp.weixin.qq.com/s/7-cioJQRjheE8x4WbckfCA,“不要玩坏了”
2024-01-06T03:53:07.248Z,https://mp.weixin.qq.com/s/1HqPgeLB4Psit11zkx_rRg,“是不是很少女”
2024-01-06T03:53:05.103Z,https://mp.weixin.qq.com/s/4PpHhSLrd1I9YKJEImz_YQ,“你弄疼我之后”
2024-01-06T03:53:04.648Z,https://mp.weixin.qq.com/s/5GFhp2Lq8rWXd5gEVzzw3w,“感觉要上天了”
2024-01-06T03:53:03.756Z,https://mp.weixin.qq.com/s/VlSuCxbcDLYEWaQaaqdx2Q,“接吻要不要伸舌头”
2024-01-06T03:53:03.304Z,https://mp.weixin.qq.com/s/qcxaJck9kRxoGn5xRFQZMQ,“慢点儿，更舒适”
2024-01-06T03:52:57.480Z,https://mp.weixin.qq.com/s/aSFwAtEOpL9D65mwPNvzlg,“我受不了了”
2024-01-06T03:52:56.905Z,https://mp.weixin.qq.com/s/R0XZvJ5HiCRYLsVh8QXX1A,“如何同时泡5个对象”
2024-01-06T03:52:56.478Z,https://mp.weixin.qq.com/s/L0qnLgDmIpGcAW7uihCUtg,“她刚洗完澡”
2024-01-06T03:52:56.130Z,https://mp.weixin.qq.com/s/twxBpRYyjJDCGsgX7BCHvA,“男孩子能有什么坏心思”
2024-01-06T03:52:55.119Z,https://mp.weixin.qq.com/s/LbadZrb0A3w0-onwwiRmOQ,“宝贝 馋你身子了”
2024-01-06T03:52:47.868Z,https://mp.weixin.qq.com/s/OGGFaUSqhWpOVuVEkmn6Tw,“女生动了真心的表现”
2024-01-06T03:52:47.365Z,https://mp.weixin.qq.com/s/WafD2DpvkbixWuhvhHpdmg,“男人的身体很诚实”
2024-01-06T03:52:46.907Z,https://mp.weixin.qq.com/s/Zf3pWlS5WUQEjksHj2KlGA,“怎么判定男人的忠诚度”
2024-01-06T03:52:46.473Z,https://mp.weixin.qq.com/s/X08Uo4SmAfbl7G3nxGwReg,“男朋友为什么总是那么快”
2024-01-06T03:52:46.053Z,https://mp.weixin.qq.com/s/8gtKzhC3EPg058f-PQnO-A,“对不起，有点短”
2024-01-06T03:52:44.176Z,https://mp.weixin.qq.com/s/4sZkTdjfaTfft4VCR9pgOg,“男人床上的话千万别当真”
2024-01-06T03:52:43.864Z,https://mp.weixin.qq.com/s/JGe6OwjWVX04BexzDScRcQ,“只恋爱不睡觉的要么”
2024-01-06T03:52:43.324Z,https://mp.weixin.qq.com/s/CFt4l1LvbUxvTwkSR7pErA,“对方请求添加你为女朋友”
2024-01-06T03:52:42.768Z,https://mp.weixin.qq.com/s/I1va19OOl9RYaJlGGzbP_Q,“女生的解压方式”
2024-01-06T03:52:41.464Z,https://mp.weixin.qq.com/s/HgDJR5muaVKmsXImy25vlg,“我想你能主动一点”
2024-01-06T03:52:40.560Z,https://mp.weixin.qq.com/s/aVsr_LA8f3Q4qhE4QdIgmA,“18岁那年，爱上了那个独一无二的他”
2024-01-06T03:52:40.257Z,https://mp.weixin.qq.com/s/NQoMsTzLQj5uedohWXAPsg,“粉粉嫩嫩的谁不爱呢”
2024-01-06T03:52:40.239Z,https://mp.weixin.qq.com/s/t8uvMCHJWQQgCxkf7x5E1g,“反反复复不是很喜欢”
2024-01-06T03:52:39.849Z,https://mp.weixin.qq.com/s/uLNWgPDnbY-fpWYxvC52gQ,“这种女人永远最让男人惦记”
2024-01-06T03:52:37.336Z,https://mp.weixin.qq.com/s/KQs0p39yjYTlA_ZKpETxTQ,“为什么男生总想上别人的女朋友”
2024-01-06T03:52:36.778Z,https://mp.weixin.qq.com/s/uFqolMOdOwC0V1kE-vjQDg,“男生真的都喜欢女生这么穿吗”
2024-01-06T03:52:36.299Z,https://mp.weixin.qq.com/s/9Z7OvgQIcajEu1ORaHmmkQ,“这样的话谁受得了”
2024-01-06T03:52:35.799Z,https://mp.weixin.qq.com/s/BCijJSxpwh6YGi0FAkQIxA,“女生自拍 要多出来见见我”
2024-01-06T03:52:33.995Z,https://mp.weixin.qq.com/s/0rfeuQtMOLvEcht4pDfArA,“可以一直不要停吗”
2024-01-06T03:52:33.241Z,https://mp.weixin.qq.com/s/lvgSjYAGDWxqD-aUrfc3-g,“女生不想主动的原因”
2024-01-06T03:52:32.859Z,https://mp.weixin.qq.com/s/VtivzyIAAc9Gr78YNP6FqQ,“女朋友喊“疼”的时候”
2024-01-06T03:52:32.321Z,https://mp.weixin.qq.com/s/cdAqOt83XtEKa3SKnyA7IA,“每日一拍”
2024-01-06T03:52:31.857Z,https://mp.weixin.qq.com/s/CL7CKtbZeMqjF7oM_aRZrA,“对方请求添加你为好友”
2024-01-06T03:52:30.084Z,https://mp.weixin.qq.com/s/Vzyd6WAIrxDrfb-SWa7IVw,“慢一点也可以很舒服”
2024-01-06T03:52:29.603Z,https://mp.weixin.qq.com/s/ZAsAu8xj5AplXA9DCzHgHg,“那一瞬间真舒服啊”
2024-01-06T03:52:29.196Z,https://mp.weixin.qq.com/s/mZ5Q9Vg7YXFEh5kehUNZuA,“喜欢你 就是想摸你”
2024-01-06T03:52:28.833Z,https://mp.weixin.qq.com/s/O4tqGstMR9gXXIJJttnCaA,“喜欢 就是浅浅的爱”
2024-01-06T03:52:25.916Z,https://mp.weixin.qq.com/s/2Kg8rRhY9yoMRzN4hXc7ZQ,女生自拍 照片可以删除，可美丽删不除!
2024-01-06T03:52:25.164Z,https://mp.weixin.qq.com/s/fCfsUR5aUYRcir3vMfNu6w,“男人越爱你，就越想要你”
2024-01-06T03:52:24.389Z,https://mp.weixin.qq.com/s/OZ6NOQD-pnZOVd-UjsWx6w,“女生色起来是什么样子”
2024-01-06T03:52:20.820Z,https://mp.weixin.qq.com/s/JBqUo4f76VeZrmRo9Ir72Q,“现在要是能来一次多好啊”
2024-01-06T03:52:17.122Z,https://mp.weixin.qq.com/s/5UMfJB5feVw9nhkWvl48Ww,“不自爱”的女生，会吃很多苦？
2024-01-06T03:51:33.510Z,https://mp.weixin.qq.com/s/d95zf-ZjdjSmQuVyRPGELA,imkate_o_o
2024-01-06T03:51:32.994Z,https://mp.weixin.qq.com/s/5iCHCEjVaFllCoI_W1d9AA,h__yeoni59
2024-01-06T03:51:31.842Z,https://mp.weixin.qq.com/s/gKSxmsexIgkCdaF-in6bIQ,12.18_xox
2024-01-06T03:51:30.926Z,https://mp.weixin.qq.com/s/boFb-NeLDmSk7MEkf6hUDQ,di_siena
2024-01-06T03:51:29.299Z,https://mp.weixin.qq.com/s/as-mv5Z3qTEaOdslhW0ofg,mermaidviviv
2024-01-06T03:51:28.772Z,https://mp.weixin.qq.com/s/hqy6tv3ss7PWVCITeHEqIw,angeliatsi__17
2024-01-06T03:51:28.019Z,https://mp.weixin.qq.com/s/V5E0j6ImHndaYxr8s9-1oA,kana_momonogi
2024-01-06T03:51:26.168Z,https://mp.weixin.qq.com/s/f_PFIlDvpsyj6ab9LKfeEQ,i_am_lya
2024-01-06T03:51:25.836Z,https://mp.weixin.qq.com/s/dT4qFvKA5ELdEGBfgYCHZQ,berryooon
2024-01-06T03:51:25.293Z,https://mp.weixin.qq.com/s/FUwYab9CWa-E8slRG6Xgqw,bastet1102_1102
2024-01-06T03:51:24.680Z,https://mp.weixin.qq.com/s/qf1NS72wRHgWdglrfZX6Qw,pink_hannaaa
2024-01-06T03:51:22.044Z,https://mp.weixin.qq.com/s/IqnQd8TxuSo0tr0lIWaibA,dodo_pliates
2024-01-06T03:51:19.707Z,https://mp.weixin.qq.com/s/XwJdmkH09MhrWyj8cBHJgA,1105ya
2024-01-06T03:51:19.472Z,https://mp.weixin.qq.com/s/mi5sVzEYnhLX2JNLpRbZ4w,weipinnn
2024-01-06T03:51:18.600Z,https://mp.weixin.qq.com/s/_p0_JVx5JGlQ1Qnp99uDDw,36.5c_
2024-01-06T03:51:18.184Z,https://mp.weixin.qq.com/s/yYlPMYS_Wmn1ua-oqL5kJA,like12302002
2024-01-06T03:51:15.951Z,https://mp.weixin.qq.com/s/Zy9VdFyUD5AEIf0AdV1_4w,yuk1nu
2024-01-06T03:51:15.390Z,https://mp.weixin.qq.com/s/gYb2Mse-vR5mKRGI6IBPqw,guswl_0409
2024-01-06T03:51:14.916Z,https://mp.weixin.qq.com/s/QkF4uGMc5CGPDTrYUoIAkA,missingvivian
2024-01-06T03:51:13.248Z,https://mp.weixin.qq.com/s/6b3LHllWWrJmnywle_jAKg,iam_sia_
2024-01-06T03:51:12.678Z,https://mp.weixin.qq.com/s/zwKMmxBEaeVAXfP8pFY_Sg,cathrynli
2024-01-06T03:51:12.249Z,https://mp.weixin.qq.com/s/jcHhVrN_ZlhQGm141kAm8Q,lalababy625
2024-01-06T03:51:11.589Z,https://mp.weixin.qq.com/s/9YYCM9fgwkT_HLkDGgnhyA,ula_shen_
2024-01-06T03:51:09.213Z,https://mp.weixin.qq.com/s/836-4LfXm2Yb8zmQ3E66Mg,vivihsu0317
2024-01-06T03:51:09.009Z,https://mp.weixin.qq.com/s/ltl9ih3p_HJp8EMx6QbQVQ,milk821125
2024-01-06T03:51:08.168Z,https://mp.weixin.qq.com/s/7vn_wvVXAghZzUoLV10KuQ,__tingwong
2024-01-06T03:51:07.717Z,https://mp.weixin.qq.com/s/eUn3kbBsWfHQnfxDFCc3MA,kimi850531
2024-01-06T03:51:07.209Z,https://mp.weixin.qq.com/s/5eE1Fg_mY7d1xWiumh9mTA,aikyoz.67
2024-01-06T03:51:04.208Z,https://mp.weixin.qq.com/s/UM21mf5-dflvBVwZR2goGQ,aviva_1028
2024-01-06T03:51:03.739Z,https://mp.weixin.qq.com/s/WXVScATHnZquGNy1DXG2SA,yyyrrr414
2024-01-06T03:51:02.049Z,https://mp.weixin.qq.com/s/EkgebM4Z-FhVRoYxEeHt3w,oxxooi
2024-01-06T03:50:58.909Z,https://mp.weixin.qq.com/s/HkTnGpRpUdA7LnqXN7D73A,cathrynli
2024-01-06T03:50:58.587Z,https://mp.weixin.qq.com/s/DYnCWYFYqjOAO0uom2q53w,hedy_hoiyi
2024-01-06T03:50:58.298Z,https://mp.weixin.qq.com/s/IsOMHt0WnB6Y7QaFPjiYqA,teresa5598
2024-01-06T03:50:55.971Z,https://mp.weixin.qq.com/s/R3j987_iOS_h50o48VPDvA,missingvivian
2024-01-06T03:50:54.981Z,https://mp.weixin.qq.com/s/3dSXbAZBZXPi_x7b6QN8nQ,lalababy625
2024-01-06T03:50:53.847Z,https://mp.weixin.qq.com/s/t7Mp3kFUULrgPiKROYIhGw,superlisa821
2024-01-06T03:50:51.139Z,https://mp.weixin.qq.com/s/psqZPwmAVCPIvRTE6VyWIA,joanne_722
2024-01-06T03:50:50.277Z,https://mp.weixin.qq.com/s/qYkdfkQtgQ9RcpRp5BhI-A,chu_obabe
2024-01-06T03:50:49.552Z,https://mp.weixin.qq.com/s/AfN9uwFxZqzCU5ZEABxR0Q,reneewen_
2024-01-06T03:50:49.233Z,https://mp.weixin.qq.com/s/dbUtiB_CJMjqLKMIh8vXaQ,cxxsomi
2024-01-06T03:50:48.692Z,https://mp.weixin.qq.com/s/5wP_I-hUgIkdC1fbrFDrPA,5th_crevette
2024-01-06T03:50:46.417Z,https://mp.weixin.qq.com/s/NhJWaT0jKoJvM7u7_U5LxA,he.le.n._
2024-01-06T03:50:46.014Z,https://mp.weixin.qq.com/s/DxHWDJbrNNJRieWFL83W9w,manyo_yoojin
2024-01-06T03:50:45.539Z,https://mp.weixin.qq.com/s/zvrbtoinbjjx8KDn6inoWw,rubis_03
2024-01-06T03:50:43.897Z,https://mp.weixin.qq.com/s/CE4ripueaFclvknrmmT7dg,jihea_a
2024-01-06T03:50:43.289Z,https://mp.weixin.qq.com/s/PZrHKg8kDKKwvBpU5f5XCw,ellyiuiu
2024-01-06T03:50:42.412Z,https://mp.weixin.qq.com/s/tOG-GsY7XrySm2Br87cD1A,ni._.kiiii
2024-01-06T03:50:41.847Z,https://mp.weixin.qq.com/s/zNpsAWnE9f7ayo1ugsnwXg,lv.0610
2024-01-06T03:50:40.159Z,https://mp.weixin.qq.com/s/jk3mL0awzdOtVa2NL3TcQg,yyyoungggggg
2024-01-06T03:50:39.535Z,https://mp.weixin.qq.com/s/coNcWHhJbdPDJMTg5fO7vw,imkate_o_o
2024-01-06T03:50:39.110Z,https://mp.weixin.qq.com/s/2co76Iep0lnvQJhEvAiy5A,h__yeoni59
2024-01-06T03:50:38.127Z,https://mp.weixin.qq.com/s/6RYIDPrW8XgUXz2Q8f8jFA,di_siena
2024-01-06T03:50:37.543Z,https://mp.weixin.qq.com/s/ypkTJyNx4hl8A6vdagiYHQ,12.18_xox
2024-01-06T03:50:35.461Z,https://mp.weixin.qq.com/s/TxViBjF_MGcGHGiYyUmNbg,mermaidviviv
2024-01-06T03:50:34.695Z,https://mp.weixin.qq.com/s/JsxI5ihPLFn1PjIj2Hweyg,angeliatsi__17
2024-01-06T03:50:33.931Z,https://mp.weixin.qq.com/s/pHoETY6dvn3kKmoF405I-A,k7_aphrolin
2024-01-06T03:50:33.314Z,https://mp.weixin.qq.com/s/Q74WLtSF3oqBPMve_zcZ3g,kana_momonogi
2024-01-06T03:50:31.664Z,https://mp.weixin.qq.com/s/M9qS9vwcwcxhtANxxZ4Ubg,i_am_lya
2024-01-06T03:50:31.035Z,https://mp.weixin.qq.com/s/Hjr5yJMSROskTMwNUXs0tg,berryooon
2024-01-06T03:50:30.316Z,https://mp.weixin.qq.com/s/_amEsQJwXgrm47zwZYlgxA,bastet1102_1102
2024-01-06T03:50:29.670Z,https://mp.weixin.qq.com/s/TnwRHJqsnGpqjyH4aF7RLw,pink_hannaaa
2024-01-06T03:50:28.941Z,https://mp.weixin.qq.com/s/KnhfIDNFs35Kx0qXQg0rkQ,1105ya
2024-01-06T03:50:26.879Z,https://mp.weixin.qq.com/s/fXslgMHnsdzdyisb48QDnQ,amberna_official
2024-01-06T03:50:26.567Z,https://mp.weixin.qq.com/s/2OZuewgzrt2IvIpHlTWURA,xx15995
2024-01-06T03:50:25.758Z,https://mp.weixin.qq.com/s/M34RuyS23tki8KJrB5skKg,54lin._.a
2024-01-06T03:50:23.697Z,https://mp.weixin.qq.com/s/I2rcAiSVmJdxanEyLalJyg,nevercaca
2024-01-06T03:50:23.499Z,https://mp.weixin.qq.com/s/OozbmWJ6b-ZQbqSWh3Yljg,inesinesw
2024-01-06T03:50:22.707Z,https://mp.weixin.qq.com/s/EJYt9qNqRB14OTuLg5Yc3w,9anna.8
2024-01-06T03:50:21.615Z,https://mp.weixin.qq.com/s/h-dNccZ9hiJCqOPAAxqjdA,chuuu_0908
2024-01-06T03:50:19.442Z,https://mp.weixin.qq.com/s/y-VSOacRtfWBGN-4p_v9Ew,m40925
2024-01-06T03:50:18.690Z,https://mp.weixin.qq.com/s/fhJv7SWN9EqVWw995ZzPbA,leeesovelys2
2024-01-06T03:50:17.957Z,https://mp.weixin.qq.com/s/AFYQi26BmNtCx638WepIwQ,fikiyang
2024-01-06T03:50:17.550Z,https://mp.weixin.qq.com/s/05cA5pgNjsQJ4Lh68PqEJA,lebaby0v0
2024-01-06T03:50:16.853Z,https://mp.weixin.qq.com/s/x0-NlMdq8PY1YFXwJBXHXg,mitaliang
2024-01-06T03:50:14.187Z,https://mp.weixin.qq.com/s/g5qWLdCDCSWtVEhaxMS96w,yua_mikami
2024-01-06T03:50:13.792Z,https://mp.weixin.qq.com/s/cVg3n79hTYTBhpZW1NcbeQ,yudayeon1004
2024-01-06T03:50:13.250Z,https://mp.weixin.qq.com/s/ZUBA3dpqPPsCyS2ZhbqO4g,36.5c_
2024-01-06T03:50:12.791Z,https://mp.weixin.qq.com/s/lwEUA5rTCrxzRTiPLB6KXw,yuk1nu
2024-01-06T03:50:11.702Z,https://mp.weixin.qq.com/s/5lBrzcQlshCh57RSF9k7JQ,missingvivian
2024-01-06T03:50:11.249Z,https://mp.weixin.qq.com/s/vZQo6Xm9bXCwHdPpmMjGfw,cathrynli
2024-01-06T03:50:10.762Z,https://mp.weixin.qq.com/s/1eA_GKZL2Vg7mrTTS8gd0w,lalababy625
2024-01-06T03:50:10.272Z,https://mp.weixin.qq.com/s/8IoIMVJh_nZ7zDPLSXFAWg,sola0508
2024-01-06T03:50:08.909Z,https://mp.weixin.qq.com/s/kXPpEljIX77X2xVYzr7q8A,ula_shen_
2024-01-06T03:50:05.332Z,https://mp.weixin.qq.com/s/mccFegY-mMUy6u6s7mineQ,vivihsu0317
2024-01-06T03:50:04.626Z,https://mp.weixin.qq.com/s/qovoFIKo5r2PkWPGaMGYCg,milk821125
2024-01-06T03:50:03.938Z,https://mp.weixin.qq.com/s/KL5ds3Rm86whbNrjuGANwA,__tingwong
2024-01-06T03:50:03.443Z,https://mp.weixin.qq.com/s/rzbZQM7iQNO2Ud8vv-YQgg,kimi850531
2024-01-06T03:50:02.853Z,https://mp.weixin.qq.com/s/3-5X7lzwYJSV5bobfEa5fw,aikyoz.67
2024-01-06T03:50:01.190Z,https://mp.weixin.qq.com/s/tQGnGRMdiRl0aJzFY6gqfg,dododoris___
2024-01-06T03:50:00.320Z,https://mp.weixin.qq.com/s/wjdG7yVSozzj-JTPN65Zyw,95_mizuki
2024-01-06T03:49:59.637Z,https://mp.weixin.qq.com/s/750LkjsnqKSNiTw0Vpm2bA,delia925_
2024-01-06T03:49:59.154Z,https://mp.weixin.qq.com/s/4U7N_NxN_UugA2QPi6Iqzg,habin_s2_
2024-01-06T03:49:57.520Z,https://mp.weixin.qq.com/s/xx-71T03o2xdPwm6xrZPqw,aviva_1028
2024-01-06T03:49:56.815Z,https://mp.weixin.qq.com/s/G0rJaxbvjbRy-JNmeZX3FA,yyyrrr414
2024-01-06T03:49:54.810Z,https://mp.weixin.qq.com/s/g-fv-yYswzavcc6AZELnTw,oxxooi
2024-01-06T03:49:54.286Z,https://mp.weixin.qq.com/s/CGcUB-7eNDIHSPlQenr1rA,hedy_hoiyi
2024-01-06T03:49:53.869Z,https://mp.weixin.qq.com/s/JGrpN1BL5mFcyvMEbSVBSg,cathrynli
2024-01-06T03:49:51.715Z,https://mp.weixin.qq.com/s/itVhDHLyi8Kcnl1EPicIQA,teresa5598
2024-01-06T03:49:50.347Z,https://mp.weixin.qq.com/s/oyzbkTLMJ9r-0QJ_x9IZ2g,lalababy625
2024-01-06T03:49:49.940Z,https://mp.weixin.qq.com/s/lsT35AnbwCtjVoYQFUFglA,missingvivian
2024-01-06T03:49:49.462Z,https://mp.weixin.qq.com/s/fGGo2yMeOJYwj_Km9G_9Lg,superlisa821
2024-01-06T03:49:48.178Z,https://mp.weixin.qq.com/s/DI-dZt4TH8FwYbyyKnDzaQ,joanne_722
2024-01-06T03:49:46.844Z,https://mp.weixin.qq.com/s/BBj5Sx3TGT0elueT2fgk7A,chu_obabe
2024-01-06T03:49:46.311Z,https://mp.weixin.qq.com/s/Ph_CGsLHgfqNhL_NEhh5mQ,rubis_03
2024-01-06T03:49:45.847Z,https://mp.weixin.qq.com/s/aJdAahhjwsBbd-Da51euOg,k7_aphrolin
2024-01-06T03:49:45.537Z,https://mp.weixin.qq.com/s/uDpZi7A-QJahfL23PE0Ssg,amberna_official
2024-01-06T03:49:44.123Z,https://mp.weixin.qq.com/s/hd5RXDO7mgiz7Zky1opTvg,xx15995
2024-01-06T03:49:43.730Z,https://mp.weixin.qq.com/s/68QIVw2FPWChAaE6bGFihQ,54lin._.a
2024-01-06T03:49:43.368Z,https://mp.weixin.qq.com/s/KVx-szynOuiHYPT7eSq2og,nevercaca
2024-01-06T03:49:42.740Z,https://mp.weixin.qq.com/s/Kz83Rtz4ybYEK0nyL7s7Ug,inesinesw
2024-01-06T03:49:40.928Z,https://mp.weixin.qq.com/s/U8JD0uu6u26oiMn2UmurVw,9anna.8
2024-01-06T03:49:40.570Z,https://mp.weixin.qq.com/s/_Jxvn6zm4F_Daq5z-ZtAag,chuuu_0908
2024-01-06T03:49:40.205Z,https://mp.weixin.qq.com/s/L5dYGRjiKWKtXPsbdGH7Xw,m40925
2024-01-06T03:49:39.796Z,https://mp.weixin.qq.com/s/ug3tA8vA29HeULiuKv8xhg,leeesovelys2
2024-01-06T03:49:39.391Z,https://mp.weixin.qq.com/s/8h8IkYO29XsjZx1Ap-3M3w,fikiyang
2024-01-06T03:49:37.787Z,https://mp.weixin.qq.com/s/Lzrm_t8LJUGVTwlVmxlWOw,lebaby0v0
2024-01-06T03:49:37.153Z,https://mp.weixin.qq.com/s/2KlK4xaDY11cc3neYI9p3g,mitaliang
2024-01-06T03:49:36.750Z,https://mp.weixin.qq.com/s/aNSE1byeho-pMo6q6fgnRQ,yudayeon1004
2024-01-06T03:49:36.322Z,https://mp.weixin.qq.com/s/s1BATVSmdbsSD3HWKmArgQ,yua_mikami
2024-01-06T03:49:34.138Z,https://mp.weixin.qq.com/s/vdMTDqmYwzB_8fqoo-hK2Q,sola0508
2024-01-06T03:49:33.172Z,https://mp.weixin.qq.com/s/UxQBPINzYXz2377YbQR5lg,dododoris___
2024-01-06T03:49:32.451Z,https://mp.weixin.qq.com/s/-OFsjsTBV7BoKw8WjtZCgA,95_mizuki
2024-01-06T03:49:31.807Z,https://mp.weixin.qq.com/s/RQkihQdjO0X89PiB11POag,delia925_
2024-01-06T03:49:31.033Z,https://mp.weixin.qq.com/s/SnlPMOaVKpHQDUl_326fyg,habin_s2_
2024-01-06T03:48:18.575Z,https://mp.weixin.qq.com/s/VeM7ftxjZRYyAJqKAgRmXQ,ElyEE子：COS图片写真合集[145套][更新中]
2024-01-06T03:48:18.173Z,https://mp.weixin.qq.com/s/W1zjoPEkJ17pfNgmVakz7g,爆机少女喵小吉 ? 子不语
2024-01-06T03:48:16.428Z,https://mp.weixin.qq.com/s/20XkLlK0WNkd4ZIBLwGz2w,雪琪SAMA：COS图片写真合集[54套][更新中]
2024-01-06T03:48:15.941Z,https://mp.weixin.qq.com/s/TLfSAC5gXv93yoPl-gdZsw,爆机少女喵小吉 ? 蜜桃乌龙
2024-01-06T03:48:15.301Z,https://mp.weixin.qq.com/s/6sGwJLEq02Gqwtltgp06-g,兔子Zzz不吃胡萝卜：COS图片写真合集[149套][更新中]
2024-01-06T03:48:15.009Z,https://mp.weixin.qq.com/s/oeI2_H54XJrOENC3hjQczQ,爆机少女喵小吉 ?兔子女仆
2024-01-06T03:48:13.064Z,https://mp.weixin.qq.com/s/fvGfzzTlzXhtjlWt7Y9mUQ,日奈娇：COS图片写真合集[77套][更新中]
2024-01-06T03:48:12.744Z,https://mp.weixin.qq.com/s/5MAOGSoDwHTNYYqR5tx7vA,爆机少女喵小吉 ? 花间集
2024-01-06T03:48:12.318Z,https://mp.weixin.qq.com/s/E08TYzSuhAgaaD5f_oQybg,神S坂真冬：COS图片写真合集[162套][更新中]
2024-01-06T03:48:11.711Z,https://mp.weixin.qq.com/s/yh6uryMGCzQgPtQ_sCFTwg,爆机少女喵小吉-NIKKE爱丽丝
2024-01-06T03:48:10.731Z,https://mp.weixin.qq.com/s/_cPsWdbeHgDl3ak8grcctw?poc_token=HHrNmGWjoFRN-Aemr4Zk1AZ-f38TRrcnQnlELcvO,Shika小鹿鹿：COS图片写真合集[101套+WB图][更新中]
2024-01-06T03:48:10.180Z,https://mp.weixin.qq.com/s/4-h5kPJnaujT8DchiZnCaQ,咬一口兔娘：COS图片写真合集[119套][更新中]
2024-01-06T03:48:09.752Z,https://mp.weixin.qq.com/s/UeA5GaFSRFog_8lUs6aQyw,爆机少女喵小吉-生化危机艾达王
2024-01-06T03:48:08.721Z,https://mp.weixin.qq.com/s/_ntNeUru3yMHDhzJjr6JXg,爆机少女喵小吉-放课后日常写真
2024-01-06T03:48:07.344Z,https://mp.weixin.qq.com/s/j0W7VmeeQ59epAf_2qVVfw,许岚LAN：COS图片写真合集[31套][更新中]
2024-01-06T03:48:07.151Z,https://mp.weixin.qq.com/s/XKAV099_Me0u5IMtxHmQWw,爆机少女喵小吉-电锯人帕瓦
2024-01-06T03:48:06.988Z,https://mp.weixin.qq.com/s/LbMz_x7r-9qpig-gw2zWug,许岚LAN：COS图片写真合集[31套][更新中]
2024-01-06T03:48:01.614Z,https://mp.weixin.qq.com/s/D0G5eY3wnESK5AAQZmC1VQ,爆机少女喵小吉?缘之空春日野穹
2024-01-06T03:47:59.400Z,https://mp.weixin.qq.com/s/W9mSbuXo23QBkWCGq1bTHw,MisswarmJ小暖：COS图片写真合集[47套][更新中]
2024-01-06T03:47:59.072Z,https://mp.weixin.qq.com/s/AlhDj_-HW987hhPq4u6Pow,爆机少女喵小吉?最终幻想7蒂法
2024-01-06T03:47:47.747Z,https://mp.weixin.qq.com/s/Cwwkw4eJArig7CSrkOnvMw,逐月Su/枸名SU：COS图片写真合集[46套][更新中]
2024-01-06T03:47:29.658Z,https://mp.weixin.qq.com/s/Sg2ocxb0UWCw400XgYuFow,超纯少女小野妹子w：COS图片写真合集[47套][更新中]
2024-01-06T03:47:28.334Z,https://mp.weixin.qq.com/s/JRoH2AZGx2O736AVxYM_sw,超纯少女祖木子：COS图片写真合集[24套][更新中]
2024-01-06T03:47:24.920Z,https://mp.weixin.qq.com/s/Li0alO95xRuUvbIyD-eMPg,阿包也是兔娘：COS图片写真合集[92套][更新中]
2024-01-06T03:47:23.032Z,https://mp.weixin.qq.com/s/UeAR7L44pVgDVE4khAhkvw,是三不是世w：COS图片写真合集[25套][更新中]
2024-01-06T03:47:18.768Z,https://mp.weixin.qq.com/s/0kji0-heNalHkLaiUwxkGQ,铁板烧鬼舞w：COS图片写真合集[35套][更新中]
2024-01-06T03:47:17.382Z,https://mp.weixin.qq.com/s/poflJM3q3UDkLT9eTqMwSA,猫君君MaoJun：COS图片写真合集[26套][更新中]
2024-01-06T03:47:14.286Z,https://mp.weixin.qq.com/s/gf1C2v1rXOXcF2PdeS6htQ,兔子Zzz不吃胡萝卜：COS图片写真合集[128套][更新中]
2024-01-06T03:47:12.609Z,https://mp.weixin.qq.com/s/nmAFuqb1DKSHT4sYEaESlg,爆机少女喵小吉/草莓味的奈奈兔：COS图片写真合集[119套][更新中]
2024-01-06T03:47:11.761Z,https://mp.weixin.qq.com/s/FoLosXiiRLXsA6dKapCPCA,遇见美好，只想分享给你！
2024-01-06T03:47:10.122Z,https://mp.weixin.qq.com/s/v6vqt4N139EG9da3Jm578A,轩萧学姐/海克斯科技小蛋糕：COS图片写真合集[45套][更新中]
2024-01-06T03:47:09.350Z,https://mp.weixin.qq.com/s/jijBVZc-VK7jR98lx3qWFQ,遇见美好，只想分享给你！
2024-01-06T03:47:08.809Z,https://mp.weixin.qq.com/s/eytsaB1LJL30peEVzS8m5Q,萌萌少女，人气COSER汪知子福利写真鉴赏~~~
2024-01-06T03:47:08.469Z,https://mp.weixin.qq.com/s/JZ8tyxC2d-jlJrByQg8lQQ,我就是我，不一样的烟火！
2024-01-06T03:47:08.114Z,https://mp.weixin.qq.com/s/FjVkq4dccYbvmiL09zwWkw,遇见美好，只想分享给你！
2024-01-06T03:47:05.947Z,https://mp.weixin.qq.com/s/WWUZuXm0Rm4vuSQvYtr38A,纯润少女，极品coser阮邑_Fairy福利写真鉴赏~~~
2024-01-06T03:47:05.547Z,https://mp.weixin.qq.com/s/MCE3byVrgmpuhZfpd767Gw,我就是我，不一样的烟火！
2024-01-06T03:47:05.141Z,https://mp.weixin.qq.com/s/ADX49JvHG27QObqdr_cW6A,遇见美好，只想分享给你！
2024-01-06T03:47:04.754Z,https://mp.weixin.qq.com/s/dk1ywK5bM0neHgbJnKDbFg,宝藏女孩，极品女神洛璃LoLiSAMA福利写真鉴赏~~~
2024-01-06T03:47:04.305Z,https://mp.weixin.qq.com/s/jr8PI8VQ8ElCMd-RKvKdqw,型男专场，福利满满~~~
2024-01-06T03:47:03.900Z,https://mp.weixin.qq.com/s/fcEO7yQQgc1RY8oZ0vt_uQ,资源给你，注意身体~~~
2024-01-06T03:47:01.040Z,https://mp.weixin.qq.com/s/xQwyzVk1NTyIygHEhLHwaQ,唯美少女，超人气COSER女神念雪ww福利写真鉴赏~~~
2024-01-06T03:47:00.645Z,https://mp.weixin.qq.com/s/9tH1rx30pJJg47umR3nxfA,型男专场，福利满满~~~
2024-01-06T03:47:00.168Z,https://mp.weixin.qq.com/s/Ph-R4-Y8dqM6TP9aEq-3bw,网红少女cos罗宾森园西园寺南歌颠倒众生福利写真鉴赏~~~
2024-01-06T03:46:59.603Z,https://mp.weixin.qq.com/s/rtBUurtzvcPARUFjwAw1JA,福利专区，型男专场~~~
2024-01-06T03:46:58.788Z,https://mp.weixin.qq.com/s/Cxg9FtdYwHWeytShC5KlRQ,甜美少女，人气coser博主您的蛋蛋福利写真鉴赏~~~
2024-01-06T03:46:58.515Z,https://mp.weixin.qq.com/s/7Qdf20Uz0e8fP8nixm3X_g,可盐可甜的顶级女神yuuhui玉汇福利写真鉴赏~~~
2024-01-06T03:46:55.241Z,https://mp.weixin.qq.com/s/x3r7YDLiqKfRIEldbx2B3Q,超萌兔娘COS，童话中的仙女！咬一口兔娘(黏黏团子兔福利写真鉴赏~~~
2024-01-06T03:46:55.059Z,https://mp.weixin.qq.com/s/2nymv45SiTolNSaWsyMJsQ,纯欲与性感并存，极品coser女神Money冷冷福利写真鉴赏~~~
2024-01-06T03:46:54.360Z,https://mp.weixin.qq.com/s/aPeN75qqHMtDKsKFUnRBpA,纯美可爱，幼态美女，coser女神花铃最全福利写真鉴赏~~~
2024-01-06T03:46:53.786Z,https://mp.weixin.qq.com/s/XZAK-c8LiG9ujU8hZzVkjw,异域风情女神，越南国宝级COSER PingPing最全福利写真鉴赏~~~
2024-01-06T03:46:51.229Z,https://mp.weixin.qq.com/s/dd7ABEX-Uvcu3qX58NRrZA,超sss女神，纯欲少女coser水淼Aqua最全福利写真鉴赏~~~
2024-01-06T03:46:50.507Z,https://mp.weixin.qq.com/s/MHeeL3fM408PwLW4yS556w,越南丰满coser女神，人气少女Hana Bunny最全福利写真鉴赏~~~
2024-01-06T03:46:50.025Z,https://mp.weixin.qq.com/s/ynZuQb-daaSiJuqeLwbH_A,coser达人，妩媚少女夏夏子Natsuko最全福利写真鉴赏~~~
2024-01-06T03:46:49.432Z,https://mp.weixin.qq.com/s/Wd2e0ai8s9utSWQuszBfVA,极品女神，奔放少女柒柒要乖哦最全cos福利写真鉴赏~~~
2024-01-06T03:46:48.659Z,https://mp.weixin.qq.com/s/rhVV8Uu5KTH_vakuB-nAHw,超赞！御姐女神黑龙贯通，最全cos福利写真完整版作品集合
2024-01-06T03:46:45.795Z,https://mp.weixin.qq.com/s/IjotefWnnu34zCOC9IA5MA,涩涩女神虎森森/嗷呜虎虎，性感妩媚的甜美少女，最全福利写真作品集
2024-01-06T03:46:45.530Z,https://mp.weixin.qq.com/s/wrXXK_p3X8Qsw7Kumo2Bag,御姐女神阿九从不咕咕福利写真29套
2024-01-06T03:46:44.896Z,https://mp.weixin.qq.com/s/pUlDtXXt1zpeNWtTUdkJqA,前凸后翘极品身材女主K(K酱)福利写真38套
2024-01-06T03:46:44.191Z,https://mp.weixin.qq.com/s/jJ1eXpeUD6m0H3A8izZmow,人气女神Momoko葵葵福利写真38套
2024-01-06T03:46:41.843Z,https://mp.weixin.qq.com/s/gW1DK7Q4uqT74VuWggAtqw,萝莉女神萌芽儿o0福利写真31套
2024-01-06T03:46:41.332Z,https://mp.weixin.qq.com/s/0CDw_C3qWUhc6hIjXECNWA,妖精少女许岚LAN福利写真29套
2024-01-06T03:46:40.756Z,https://mp.weixin.qq.com/s/MsgbopLIF9-WTT6kMa-Rdg,纯爱女神梨瑾瑾福利写真19套
2024-01-06T03:46:40.329Z,https://mp.weixin.qq.com/s/V-D1vov8gXei2xWNjUFkrA,cos女神腥味猫罐福利写真13套
2024-01-06T03:46:39.895Z,https://mp.weixin.qq.com/s/qTG2pyh8BO9PAdtxSRWA3Q,超胸女神菌烨tako福利写真18套
2024-01-06T03:46:37.680Z,https://mp.weixin.qq.com/s/T_NLStYkfPSS6BmRcfhy7A,纯欲女神西瓜少女福利写真26套
2024-01-06T03:46:37.238Z,https://mp.weixin.qq.com/s/Re3l3NlQL_aQyS3nxVyHqg,cos女神阿半今天很开心福利写真17套
2024-01-06T03:46:36.632Z,https://mp.weixin.qq.com/s/nUwIYw42PBb2AybQIkpQ3g,萝莉少女焖焖碳福利写真26套
2024-01-06T03:46:35.789Z,https://mp.weixin.qq.com/s/tkHF32cvcb6HgD1mZK4Wxw,丝袜美腿风之领域福利写真16套
2024-01-06T03:46:33.165Z,https://mp.weixin.qq.com/s/aqDgwImkmLBGzxjPxUWRRA,超SSS少女六味帝皇酱福利写真16套
2024-01-06T03:46:32.647Z,https://mp.weixin.qq.com/s/W1qew1zQ6DpaLnJi6PNaDg,大胸女神白烨福利写真55套
2024-01-06T03:46:32.115Z,https://mp.weixin.qq.com/s/opRY1n5aCurUHazCR1toKg,超萌软妹花柒Hana福利写真33套
2024-01-06T03:46:30.263Z,https://mp.weixin.qq.com/s/bs41xpVffyq_PiOuEXSjVw,sss女神金鱼kinngyo福利写真46套
2024-01-06T03:46:29.522Z,https://mp.weixin.qq.com/s/GJlgDhc4pn4-ixowOoJKTw,纯美丝袜少女轻兰映画福利写真46套
2024-01-06T03:46:29.046Z,https://mp.weixin.qq.com/s/GnE5EtZvrfUrwl7TjxOg7Q,纯欲入魂清水由乃福利写真46套
2024-01-06T03:46:28.700Z,https://mp.weixin.qq.com/s/y0RQQ-LnQEJHbPTuCkdn5g,极品御姐白银81福利写真113套
2024-01-06T03:46:28.035Z,https://mp.weixin.qq.com/s/lFofk2iYq_7R_MW_z6MLzQ,极品女神抱走莫子aa福利写真58套
2024-01-06T03:46:26.301Z,https://mp.weixin.qq.com/s/2SFmbr1545c_WLMmFUqaQg,动漫女神铁板烧鬼舞w福利写真32套
2024-01-06T03:46:25.930Z,https://mp.weixin.qq.com/s/l_Kfz3SgR5H2Xgqv7vsoKw,性感正妹姜仁卿(Kang Inkyung福利写真70套
2024-01-06T03:46:25.408Z,https://mp.weixin.qq.com/s/SXuYj1biBp50X4b5VN1rRA,微胖纯欲女神雯粥粥i福利写真27套
2024-01-06T03:46:24.923Z,https://mp.weixin.qq.com/s/edU-PccOe6eeHN_iqNs9eg,中秋特辑爆机少女喵小吉福利写真119套
2024-01-06T03:46:24.101Z,https://mp.weixin.qq.com/s/iVwUEuw33UBS2CUJSeRSBg,超性感女神Nyako喵子福利写真64套
2024-01-06T03:46:21.825Z,https://mp.weixin.qq.com/s/qpRJ4jmLitl5awPUrAvYAA,超人气少女miko酱ww 福利写真26套
2024-01-06T03:46:21.303Z,https://mp.weixin.qq.com/s/QTyBMNGGkFXxVxRc-v-ztw,人去少女鬼畜瑶在不在w 福利写真52套
2024-01-06T03:46:19.381Z,https://mp.weixin.qq.com/s/be0gV6C9W5A4Jkf5YU-dFw,木花琳琳是勇者JK美腿福利写真116套
2024-01-06T03:46:18.957Z,https://mp.weixin.qq.com/s/mqmAm-2nlvxY8J_PXaWsLg,极品女神樱落酱w福利写真107套
2024-01-06T03:46:18.594Z,https://mp.weixin.qq.com/s/4OzYcaAMl8EyzU_X0APSnA,纯欲女神蜜汁猫裘福利写真107套
2024-01-06T03:46:18.102Z,https://mp.weixin.qq.com/s/C1TNsawdqml-sb9vi8vtAw,唯美女神眼酱大魔王w福利写真75套
2024-01-06T03:46:16.472Z,https://mp.weixin.qq.com/s/Qb4oU5jdkZtIShK9lNXIPw,萝莉女神二佐Nisa福利写真154套
2024-01-06T03:46:15.957Z,https://mp.weixin.qq.com/s/vwhs1GNO63Xges2jBhfthg,宅男女神星之迟迟福利写真208套
2024-01-06T03:46:15.466Z,https://mp.weixin.qq.com/s/1IUT7u_HOsDKmw2p9uQwHQ,超纯人气女神rioko凉凉子福利写真121套
2024-01-06T03:46:15.075Z,https://mp.weixin.qq.com/s/MSoRsoMvhGi5MuTon2Lpdw,纯欲少女@桃喵福利写真161套
2024-01-06T03:46:13.272Z,https://mp.weixin.qq.com/s/ZuNhheu5Ws_pm89CStf1YQ,萝莉少女Kuuko W福利写真181套
2024-01-06T03:46:12.843Z,https://mp.weixin.qq.com/s/np9t_G4q8JRaK6z5jpdyvw,超SSSS成熟少妇奈汐酱Nice福利写真67套
2024-01-06T03:46:12.450Z,https://mp.weixin.qq.com/s/ElBwEqXEkO1dr8bi7ABYdg,cos女神雯妹不讲道理福利写真79套
2024-01-06T03:46:11.241Z,https://mp.weixin.qq.com/s/UR8kKDUXVyMmObkJ-Jribg,超SSS女神黏黏团子兔福利写真68套
2024-01-06T03:46:10.844Z,https://mp.weixin.qq.com/s/KhOv2ftxxwe20BkK-e0czA,纯美女神黑川绝版福利写真79套
2024-01-06T03:45:53.488Z,https://mp.weixin.qq.com/s/liUz5Yy-Z4nJ9UV-2M1lsw,纯欲少女阿包也是兔娘福利写真85套
2024-01-06T03:45:52.732Z,https://mp.weixin.qq.com/s/lJABNCvG4p676RHyO_kYwA,蜜桃少女是依酱呀福利写真73套
2024-01-06T03:45:52.618Z,https://mp.weixin.qq.com/mp/wappoc_appmsgcaptcha?poc_token=HPDMmGWjoRXvmV0W3R8AvJJlDdBWDB-LIqGy8to_&target_url=https%3A%2F%2Fmp.weixin.qq.com%2Fs%2FYlOu9aIFDN_LJEIUntyf3A,微信公众平台
2024-01-06T03:45:52.472Z,https://mp.weixin.qq.com/s/hdhJ2yxTrvaDTRWcUUgQXg,超A女神面饼仙儿福利写真118套
2024-01-06T03:45:51.797Z,https://mp.weixin.qq.com/s/j7HnGRS0M316uRket5r8gw,人气女神半半子福利写真115套
2024-01-06T03:45:51.629Z,https://mp.weixin.qq.com/s/8bzG9rGrOW9REZvW_v9FLg,幼态女神Kitaro_绮太郎福利写真115套
2024-01-06T03:45:51.366Z,https://mp.weixin.qq.com/s/G3ShUvlhru4N7lOxYISrMw,肤白貌美超A美女ElyEE子福利写真136套
2024-01-06T03:45:51.313Z,https://mp.weixin.qq.com/s/GgSZPDrwQr90taBAZKlSSQ,胸大貌美纯欲女神Arty亚缇福利写真71套
2024-01-06T03:45:51.004Z,https://mp.weixin.qq.com/s/ks6wwHFnpk8u-XIbyxkP9Q,超纯女神南桃Momoko 福利写真87套
2024-01-06T03:45:50.942Z,https://mp.weixin.qq.com/s/7gvcVdcEEpFi_ZTp7C6E5Q,微信公众平台
2024-01-06T03:45:50.803Z,https://mp.weixin.qq.com/s/rRQEq5eTLCzeftuxRiMR1g,微信公众平台
2024-01-06T03:45:50.733Z,https://mp.weixin.qq.com/s/YoQ2DQ_Vu61lK3wolLL45A,微信公众平台
2024-01-06T03:45:50.626Z,https://mp.weixin.qq.com/s/JWLID3f4RyD4rV7Tl9n2BQ,微信公众平台
2024-01-06T03:45:50.579Z,https://mp.weixin.qq.com/s/VjgSQ6Z71PfugjYD1eOz5Q,微信公众平台
2024-01-06T03:45:50.439Z,https://mp.weixin.qq.com/s/F79OWsGEtJ8WPN8SI-wV3Q,微信公众平台
2024-01-06T03:45:49.915Z,https://mp.weixin.qq.com/s/GtiNPSf3xOmi6K8NK_dPKg,微信公众平台
2024-01-06T03:45:49.685Z,https://mp.weixin.qq.com/s/ySZJ0BpdqaeYgQRDlWgq7w,微信公众平台
2024-01-06T03:45:49.273Z,https://mp.weixin.qq.com/s/94B7W0s8jcR5pwcLDrVQYw,微信公众平台
2024-01-06T03:45:48.899Z,https://mp.weixin.qq.com/s/Dehr_-GIFtl2SVo7d4KBtQ,微信公众平台
2024-01-06T03:45:48.007Z,https://mp.weixin.qq.com/s/ZGgrDp7VTrX7Ra2nJFsAtg,微信公众平台
2024-01-06T03:45:47.889Z,https://mp.weixin.qq.com/s/5QJh0ttHhdirOtFgzA7Y1A,微信公众平台
2024-01-06T03:45:47.846Z,https://mp.weixin.qq.com/s/YbHB0d7kWzgGgNpqGuOTBQ,微信公众平台
2024-01-06T03:45:47.784Z,https://mp.weixin.qq.com/s/OjIVVBzqgKIe7NaJ1Nyeew,微信公众平台
2024-01-06T03:45:47.716Z,https://mp.weixin.qq.com/s/cmBVL4kn2OTRg1DCejyqNQ,微信公众平台
2024-01-06T03:45:47.599Z,https://mp.weixin.qq.com/s/ikEHSleom2gwijEGloUxrg,微信公众平台
2024-01-06T03:45:47.518Z,https://mp.weixin.qq.com/s/8TxcLJF0ByUuSJru82rH3w,微信公众平台
2024-01-06T03:45:47.432Z,https://mp.weixin.qq.com/s/cqAtc2gWpF5bf_sSSY_oKQ,微信公众平台
2024-01-06T03:45:47.328Z,https://mp.weixin.qq.com/s/oTKzDrl4H4EKCVFdfymLtw,微信公众平台
2024-01-06T03:45:47.239Z,https://mp.weixin.qq.com/s/vtrO9L3Rfqa90BgKCJdhcg,微信公众平台
2024-01-06T03:45:47.223Z,https://mp.weixin.qq.com/s/e_J2Cj7PvuQKHI1pWW3Sow,微信公众平台
2024-01-06T03:45:47.134Z,https://mp.weixin.qq.com/s/UBW_HVIrwA3-pCIXOzznzw,微信公众平台
2024-01-06T03:45:47.044Z,https://mp.weixin.qq.com/s/BQwkfk8wZbs0OS3ip0vENw,微信公众平台
2024-01-06T03:45:47.004Z,https://mp.weixin.qq.com/s/_-tY11oRQDnBZNEhZxO4vg,微信公众平台
2024-01-06T03:45:46.793Z,https://mp.weixin.qq.com/s/AakdtyasdvZEkns61h0ISQ,微信公众平台
2024-01-06T03:45:46.674Z,https://mp.weixin.qq.com/s/0a1Alv6NqoVAqPO_j7LLbg,微信公众平台
2024-01-06T03:45:46.587Z,https://mp.weixin.qq.com/s/Ty8PZREDtlXo_IXF6SYgkA,微信公众平台
2024-01-06T03:45:46.540Z,https://mp.weixin.qq.com/s/IUkECEXavjZrR1XQFOn19A,微信公众平台
2024-01-06T03:45:46.448Z,https://mp.weixin.qq.com/s/aXpB9uF9gwBT52knWDlxvw,微信公众平台
2024-01-06T03:45:46.330Z,https://mp.weixin.qq.com/s/L4FuXCXdHJyumX-YGJImvA,微信公众平台
2024-01-06T03:45:46.107Z,https://mp.weixin.qq.com/s/Z35iDC-nvUvY0qotR-19YQ,微信公众平台
2024-01-06T03:45:46.010Z,https://mp.weixin.qq.com/s/u8wKuIrOlSVgX2BMdzMi6g,微信公众平台
2024-01-06T03:45:45.954Z,https://mp.weixin.qq.com/s/_a7AfSvFzz9BITEBMtXLGg,微信公众平台
2024-01-06T03:45:45.880Z,https://mp.weixin.qq.com/s/B4vApdJgisPi2TfVIu51Jw,微信公众平台
2024-01-06T03:45:45.721Z,https://mp.weixin.qq.com/s/F_wFZe3CuhDWGXkTWwq_2A,微信公众平台
2024-01-06T03:45:45.612Z,https://mp.weixin.qq.com/s/FSo0KDyUPyKF4A8UEX9-TA,微信公众平台
2024-01-06T03:45:45.532Z,https://mp.weixin.qq.com/s/FOIcBP9AsI1MuQjIr0qLkQ,微信公众平台
2024-01-06T03:45:45.489Z,https://mp.weixin.qq.com/s/HSeFeJGGeBRLnXfXlx55og,微信公众平台
2024-01-06T03:45:45.354Z,https://mp.weixin.qq.com/s/UvfJ8408d_K24WQUwcwzXA,微信公众平台
2024-01-06T03:45:45.191Z,https://mp.weixin.qq.com/s/VHfagfd2gm2KiCh8iE9HKw,微信公众平台
2024-01-06T03:45:45.074Z,https://mp.weixin.qq.com/s/WiJsm9Uf8Fsr9p3A5eD8Dg,微信公众平台
2024-01-06T03:45:44.991Z,https://mp.weixin.qq.com/s/uhX7fIQLjR_qgu9RHor00w,微信公众平台
2024-01-06T03:45:44.907Z,https://mp.weixin.qq.com/s/krVyt4UWus_sQYVONUvIRg,微信公众平台
2024-01-06T03:45:44.898Z,https://mp.weixin.qq.com/s/Kpc4ZvHnTSyIX-jmGb0zDg,微信公众平台
2024-01-06T03:45:44.838Z,https://mp.weixin.qq.com/s/C7BQgfO3bcFVyTHtBseM_A,微信公众平台
2024-01-06T03:45:44.802Z,https://mp.weixin.qq.com/s/rqj1uNHnz9O1G7DuOuLVvA,微信公众平台
2024-01-06T03:45:44.754Z,https://mp.weixin.qq.com/s/mhXqVdr2Jox145PS1wPCJA,微信公众平台
2024-01-06T03:45:44.513Z,https://mp.weixin.qq.com/s/gLEgfsDm2sBK0iTz7tw4jg,微信公众平台
2024-01-06T03:45:44.386Z,https://mp.weixin.qq.com/s/DnN50PronmplpgjBtT7ogg,微信公众平台
2024-01-06T03:45:44.272Z,https://mp.weixin.qq.com/s/RSnyP_9F67tiVA42vwKTcw,微信公众平台
2024-01-06T03:45:44.071Z,https://mp.weixin.qq.com/s/7J2Wkd_zH5wn4kWHAFu8fQ,人气博主念雪ww私房写真34套
2024-01-06T03:45:43.940Z,https://mp.weixin.qq.com/s/MthJfHQcWvRHys50AmIpfA,超sss级别纯欲女神落落Raku福利写真15套
2024-01-06T03:45:43.828Z,https://mp.weixin.qq.com/s/auP7WDLk8tVxk_HUhYNXJA,动漫女神樱落酱w私房写真29套
2024-01-06T03:45:43.757Z,https://mp.weixin.qq.com/s/6Td7waMAp1sXBgSnS2t4Tg,清纯美腿女神桥本有菜福利写真28套
2024-01-06T03:45:43.638Z,https://mp.weixin.qq.com/s/lyg_q7cGpMfUaWfhGoAJIA,可爱少女雪琪SAMA私房写真46套
2024-01-06T03:45:43.561Z,https://mp.weixin.qq.com/s/SKN4hBAOc59WvcLYbOEU1g,超SSS级颜值天花板纯欲嫩模年年福利写真53套
2024-01-06T03:45:43.455Z,https://mp.weixin.qq.com/s/mi5l_W_4brUi2kqzl07e-A,COS博主眼酱大魔王w私房写真70套
2024-01-06T03:45:43.371Z,https://mp.weixin.qq.com/s/iylL0MlaSddst7zP-Ijamg,极品少女蠢沫沫私房写真203套
2024-01-06T03:45:43.272Z,https://mp.weixin.qq.com/s/uTEcM8ivJqxmDdaLiHleWA,宇宙很大，生活更大也许以后有缘再相见
2024-01-06T03:45:43.164Z,https://mp.weixin.qq.com/s/5dD12Jr_BxFIF-A1XeClLw,人气博主rioko凉凉子私房写真110套
2024-01-06T03:45:43.111Z,https://mp.weixin.qq.com/s/u9O7W9sGTJacteCjXYE6xQ,我想在你眼里撒野奔跑，我想一个眼神就到老
2024-01-06T03:45:43.069Z,https://mp.weixin.qq.com/s/4sC1qF82JEbGm_sKuVDo8A,纯欲少女星之迟迟私房写真185套
2024-01-06T03:45:42.987Z,https://mp.weixin.qq.com/s/GyE9UkMEb1Z4QsGoI5I4Zw,他只有两只手，所以只能用心抓住一个人
2024-01-06T03:45:42.907Z,https://mp.weixin.qq.com/s/ZkYLozaNN9Sa-eyRsidQPw,憧憬，是距离了解最遥远的一种感情
2024-01-06T03:45:42.676Z,https://mp.weixin.qq.com/s/3mfRb8j22TaJKvRc9u0AYQ,极品女神神S坂真冬私房写真140套
2024-01-06T03:45:42.588Z,https://mp.weixin.qq.com/s/SrnaxZ7VHnGHT6mtyP0LMQ,纯欲博主菌烨tako私房写真24套
2024-01-06T03:45:42.530Z,https://mp.weixin.qq.com/s/WlxzzqzkSs6HasqEWIVJyg,勾魂少女@井宁宁私房写真77套
2024-01-06T03:45:42.394Z,https://mp.weixin.qq.com/s/jT4KT9qBNga6oLNqpeaJnw,娇羞美女过期米线线私房写真139套
2024-01-06T03:45:42.328Z,https://mp.weixin.qq.com/s/wiLyuPGFh5bgY6GsGeNDkQ,秀人网私房写真112期?纯欲感性
2024-01-06T03:45:42.189Z,https://mp.weixin.qq.com/s/JBhTQSJ1s6XwfVE5XQgOrw,人气网红一小央泽私房写真58套
2024-01-06T03:45:42.123Z,https://mp.weixin.qq.com/s/v3Llr1g2ccEOuiEPc8_NPQ,秀人网私房写真111期?肤白貌美
2024-01-06T03:45:42.044Z,https://mp.weixin.qq.com/s/YQRjyWUQHnoxQES-guAOig,极品女神日奈娇私房写真67套
2024-01-06T03:45:41.864Z,https://mp.weixin.qq.com/s/_D3nfIeWkJr1_jaf86aNfA,秀人网私房写真110期?欲罢不能
2024-01-06T03:45:41.762Z,https://mp.weixin.qq.com/s/6jqBXXrB-mW6JTSMww_zXQ,网红女神清水由乃私房写真42套
2024-01-06T03:45:41.676Z,https://mp.weixin.qq.com/s/cWUGKPY72BbzGWoplNLenQ,秀人网私房写真109期?纯欲女神
2024-01-06T03:45:41.640Z,https://mp.weixin.qq.com/s/WmaYMHcYpMxNFYJrRfjDvQ,嘟嘟女孩是依酱吖私房写真64套
2024-01-06T03:45:41.451Z,https://mp.weixin.qq.com/s/7iWSOsC1DHrTCqRCudtw2w,秀人网私房写真107期?完美少妇
2024-01-06T03:45:41.361Z,https://mp.weixin.qq.com/s/2Bfj77AfKoFT0ygHTyxVGw,秀人网私房写真108期?纯欲女神
2024-01-06T03:45:41.314Z,https://mp.weixin.qq.com/s/L3-nkxbwdYxYrG59luMofA,纯欲少女疯猫SS私房写真123套
2024-01-06T03:45:41.149Z,https://mp.weixin.qq.com/s/HDOVjDracExWA-Nv3fzwSA,极品靓妹一北亦北私房写真30套
2024-01-06T03:45:41.059Z,https://mp.weixin.qq.com/s/OQJJRZUULEkkT2m9cKpQvA,人气女神ElyEE子私房写真100套
2024-01-06T03:45:40.926Z,https://mp.weixin.qq.com/s/qBCvT830m2KyS1I_J4-XzQ,动漫博主在下萝莉控私房写真32套
2024-01-06T03:45:40.823Z,https://mp.weixin.qq.com/s/qU_BXYRuGgpfjo4soIpwfQ,秀人网私房写真106期?极致身材
2024-01-06T03:45:40.725Z,https://mp.weixin.qq.com/s/Od8qXq6noFGQmqMDhp6K5A,秀人网私房写真105期?清纯可爱
2024-01-06T03:45:40.666Z,https://mp.weixin.qq.com/s/ZT6-RfBWXIG3jqsCcwJZmQ,人气女神_田C花私房写真68套
2024-01-06T03:45:40.599Z,https://mp.weixin.qq.com/s/uZxXXuOUjVDJnSfjq4x5cA,秀人网私房写真104期?纯欲风
2024-01-06T03:45:40.543Z,https://mp.weixin.qq.com/s/-9kit_pCoijBpiCBKFbkuw,秀人网私房写真103期?优雅少妇神
2024-01-06T03:45:40.476Z,https://mp.weixin.qq.com/s/AMlgBe-9GYUCMmVQP69AwQ,纯欲女神西瓜少女私房写真27套
2024-01-06T03:45:40.417Z,https://mp.weixin.qq.com/s/JWJ6SHQjEg3CVCS0RqE4fQ,人气博主yuuhui玉汇私房写真24套
2024-01-06T03:45:40.349Z,https://mp.weixin.qq.com/s/aYPeAj34Z5-DYqJxve4CLQ,秀人网私房写真102期?气质女神
2024-01-06T03:45:40.271Z,https://mp.weixin.qq.com/s/kRRfX7BSTLrfkqk5PXvfTA,秀人网私房写真101期?制服诱惑
2024-01-06T03:45:40.180Z,https://mp.weixin.qq.com/s/l3Y8gbWFdvlkfVH0G2VG5w,cos女神Yuki亭私房写真31套
2024-01-06T03:44:10.500Z,https://mp.weixin.qq.com/s/n1F0mXOzOfTaB5hGhvvjCQ,微信公众平台
2024-01-06T03:44:08.392Z,https://mp.weixin.qq.com/s/AUMDs_AtB70moMPYK0w8Ow,秀人网 | 百变女神纯欲杨晨晨
2024-01-06T03:44:03.200Z,https://mp.weixin.qq.com/s/4yH5XPTpJfkTn7XhlWQgdw,秀人网 | 纯美可爱林星阑
2024-01-06T03:43:59.599Z,https://mp.weixin.qq.com/s/CAe7Vqd3jC4eystJaWANoQ,秀人网 | 制服诱惑林星阑
2024-01-06T03:43:53.715Z,https://mp.weixin.qq.com/s/Ge6GXzDceu0kew5lFx-wGg,秀人网 | 制服女神林乐一
2024-01-06T03:43:49.029Z,https://mp.weixin.qq.com/s/Bh1wb2BAb_qRa935QcpdMQ,秀人网 | 黑丝薄纱睡裙林星阑
2024-01-06T03:43:46.352Z,https://mp.weixin.qq.com/s/7vs_46teVUccGXvJTRNC0A,阿包也是兔娘福利写真63套
2024-01-06T03:43:43.979Z,https://mp.weixin.qq.com/s/rIRKPeehrr5NyP8o7QRjlQ,秀人网 | 极品美女杨晨晨
2024-01-06T03:43:40.274Z,https://mp.weixin.qq.com/s/CCBQV9FL86Y_rrWKA0FuXg,美腿写真紧急企划福利写真33套
2024-01-06T03:43:36.252Z,https://mp.weixin.qq.com/s/Z19zf_Mp5UsLOnPE0WKBFg,秀人网 | 纯欲美腿女神林乐一
2024-01-06T03:43:34.276Z,https://mp.weixin.qq.com/s/XnKECKo8FkWsQ0N1gz2pAQ,红人小女巫露娜福利写真35套
2024-01-06T03:43:34.092Z,https://mp.weixin.qq.com/s/PDr-cN5CnSapjEHgNDwEbQ,秀人网 | 优雅女神杨晨晨
2024-01-06T03:43:29.515Z,https://mp.weixin.qq.com/s/INnQ_jMLQWkql37EQIXtww,秀人网 | 优雅女神杨晨晨
2024-01-06T03:43:24.569Z,https://mp.weixin.qq.com/s/Zvy95ENEvRqMon1Fc0grbA,宅男女神凉凉子福利写真102套
2024-01-06T03:43:20.136Z,https://mp.weixin.qq.com/s/ejGGeNUEkqRUA2G_-xV2jA,秀人网 | 旗袍女神徐莉芝
2024-01-06T03:43:12.669Z,https://mp.weixin.qq.com/s/dmYZ1G3_4imscwThE15TEw,秀人网 | 优雅女神杨晨晨
2024-01-06T03:43:09.101Z,https://mp.weixin.qq.com/s/j4bhnoxL7dj6SiCVqvYIzQ,老司机福利群
2024-01-06T03:43:00.360Z,https://mp.weixin.qq.com/s/SGq5tAymckWaFqgV9o39PA,秀人网 | 百媚千娇杨晨晨
2024-01-06T03:42:59.868Z,https://mp.weixin.qq.com/s/BPssjGPtwDZXcAom64AckA,木花琳琳是勇者美腿福利写真116套
2024-01-06T03:42:53.732Z,https://mp.weixin.qq.com/s/SUSOBCO0JmmQkE8ZzBuyOQ,动漫博主@井宁宁福利写真67套
2024-01-06T03:41:57.415Z,https://mp.weixin.qq.com/s/yBlxU_ZGzFyfnOKqTTDGSA,写真丨还有星月可以寄望还有宇宙浪漫不止
2024-01-06T03:41:55.830Z,https://mp.weixin.qq.com/s/624EW0YvPUe6GMgilejw2g,私房 | 秀人女神精选写真集
2024-01-06T03:41:55.794Z,https://mp.weixin.qq.com/s/kUWpX9_lNCz9ws5Tv23qsg,微信公众平台
2024-01-06T03:41:55.765Z,https://mp.weixin.qq.com/s/zGt8cy6CAhjVtFJTtEfFHw,壁纸 | 这小姐姐美极了
2024-01-06T03:41:54.369Z,https://mp.weixin.qq.com/s/7is0SQVSC-bVIqGx77IKcg,写真丨爱的空格太多 能填写的情字却太少
2024-01-06T03:41:41.725Z,https://mp.weixin.qq.com/s/-4IzcxOtAfTtLd2okxEDCg,壁纸 | 这小姐姐美极了
2024-01-06T03:41:39.880Z,https://mp.weixin.qq.com/s/veQUKTQ2uAcLvAmCcvpgUA,写真丨且听风吟 静待花开
2024-01-06T03:41:35.885Z,https://mp.weixin.qq.com/s/oGgi9DSIHw1o8UnzCm7xog,私房 | 秀人女神精选合集
2024-01-06T03:41:31.699Z,https://mp.weixin.qq.com/s/wGOnPKHdvXhqH9x08p5O-g,秀人女神尹甜甜全集33套
2024-01-06T03:41:27.104Z,https://mp.weixin.qq.com/s/xCktuv0oUkC5iPBOM64cVg,写真丨 此后如竟没有炬火 我便是唯一的光
2024-01-06T03:41:24.506Z,https://mp.weixin.qq.com/s/pH62gCMF7h1wY3AW92O0IQ,写真丨 这世界偷偷爱着你 只是你不知道而已
2024-01-06T03:41:20.019Z,https://mp.weixin.qq.com/s/Z7PHbEnHZ6PYFTz48vFrBg,私房 | 美腿 制服 嘿丝...
2024-01-06T03:41:19.627Z,https://mp.weixin.qq.com/s/fyvCHsKPkibtUlQhqMpeEQ,写真丨有了你 是我生命的精彩
2024-01-06T03:41:19.302Z,https://mp.weixin.qq.com/s/kd3IslaeOmVA1VjTo8CQwQ,私房 | 美腿 制服 嘿丝...
2024-01-06T03:41:13.089Z,https://mp.weixin.qq.com/s/qNKiBTucjSZilRO812qvlQ,壁纸 | 这小姐姐美极了！
2024-01-06T03:41:09.616Z,https://mp.weixin.qq.com/s/tbpfZV5BJbvfik79oo3n_w,微信公众平台
2024-01-06T03:41:06.870Z,https://mp.weixin.qq.com/s/I3A5-QybKLvj30s5ZH_BLA,微信公众平台
2024-01-06T03:41:02.997Z,https://mp.weixin.qq.com/s/TdUANBuAihB_ezLGPhBsHw,写真丨你没有如期归来 而这正是离别的意义
2024-01-06T03:40:57.627Z,https://mp.weixin.qq.com/s/TUqggXXRFMjoSB-J5IgmNg,私房 | 美腿 制服 嘿丝...
2024-01-06T03:40:54.860Z,https://mp.weixin.qq.com/s/c9of4zrDQDOUNhSONN86Cw,"写真丨我想成为海里的浪,风中的云,但我还是小小的我"
2024-01-06T03:40:47.936Z,https://mp.weixin.qq.com/s/6Q-wbujAUsqUYS3WFZBVoQ,壁纸 | 这小姐姐美极了
2024-01-06T03:40:43.886Z,https://mp.weixin.qq.com/s/sfsVWP4JZrCSMXWfRG4IZw,壁纸 | 这小姐姐美极了
2024-01-06T03:40:43.533Z,https://mp.weixin.qq.com/s/MxzT5rBGpw0smVHuWT15wg,写真丨沉伦锦年只如初见 岁月静好生生欢颜
2024-01-06T03:40:43.325Z,https://mp.weixin.qq.com/s/OiMWTz4WzVG9A4ulXWYzww,壁纸 | 这小姐姐美极了
2024-01-06T03:40:36.051Z,https://mp.weixin.qq.com/s/kmF5UE0P0Od_LXwf3kCkog,写真丨愿世间所有美好 都恰逢其时
2024-01-06T03:40:32.446Z,https://mp.weixin.qq.com/s/Hz7-vdNk5hrNHTgQBvbf6Q,写真丨若爱 时间和距离 都不会是阻碍
2024-01-06T03:40:28.094Z,https://mp.weixin.qq.com/s/6MoMjeisxmAFBXtIDAPL7g,壁纸 | 这小姐姐美极了
2024-01-06T03:40:25.921Z,https://mp.weixin.qq.com/s/-_KfXW0XMHGQsWQz-nwV-A,写真丨整个青春孤寂 只为了一个你
2024-01-06T03:40:22.390Z,https://mp.weixin.qq.com/s/S_l-4vfBUQMQnnH8fq4TUg,壁纸 | 这小姐姐美极了
2024-01-06T03:40:18.914Z,https://mp.weixin.qq.com/s/Q-w-O8QPpALXyRWn4Ge9gg,写真丨你是微凉的风 风一样的梦
2024-01-06T03:40:15.277Z,https://mp.weixin.qq.com/s/JE7MO3DLRwWOwuHG8hKxzg,壁纸 | 这小姐姐美极了
2024-01-06T03:40:10.732Z,https://mp.weixin.qq.com/s/uI2twtz5U0ynFa8AjJ7Rww,壁纸 | 这小姐姐美极了
2024-01-06T03:40:09.556Z,https://mp.weixin.qq.com/s/z2mlw7HuD7PwUshDZlBkEA,写真丨能让我沉迷的从来都是你
2024-01-06T03:40:09.381Z,https://mp.weixin.qq.com/s/wwq4dsFPFpQfUFGLrTMzTw,写真丨你想要的美好 时间都会给你
2024-01-06T03:40:01.810Z,https://mp.weixin.qq.com/s/RwDe-B0l2eLTwO05Wjx1Gg,写真丨跨越茫茫人海 我只为你而来
2024-01-06T03:39:58.217Z,https://mp.weixin.qq.com/s/QL7JsmmBbt2sFDHQof90TQ,壁纸 | 这小姐姐美极了
2024-01-06T03:39:52.258Z,https://mp.weixin.qq.com/s/LGMbhBXrFrYgY51bFafP8Q,写真丨心有半亩花田 藏于世俗人间
2024-01-06T03:39:48.101Z,https://mp.weixin.qq.com/s/J-POXMzZUsoz0cyw4Jvl2g,壁纸 | 这小姐姐美极了
2024-01-06T03:39:44.739Z,https://mp.weixin.qq.com/s/htieXtswQPy5SFnKP4clnQ,写真丨月亮照回湖心 我心向你
2024-01-06T03:39:39.297Z,https://mp.weixin.qq.com/s/R0CvFbIBSpPXIS9rZAnJFQ,壁纸 | 这小姐姐美极了
2024-01-06T03:39:31.575Z,https://mp.weixin.qq.com/s/3F8sq1qJZhs0U06iUOwgBg,写真丨一见如故 心生万千欢喜
2024-01-06T03:39:29.671Z,https://mp.weixin.qq.com/s/yF2USIm5IZ7Gpk3lCupZxg,写真丨此后如竟没有炬火 我便是唯一的光
2024-01-06T03:39:28.351Z,https://mp.weixin.qq.com/s/9JSp2ID0EVNG1uxfFeqSzg,壁纸 | 这小姐姐美极了
2024-01-06T03:39:20.943Z,https://mp.weixin.qq.com/s/CAZqlbrHqeSn8ObNBG3-Kw,壁纸 | 这小姐姐美极了！
2024-01-06T03:39:16.094Z,https://mp.weixin.qq.com/s/OssBuOBNs86m-lRh4YO7ZA,写真丨识得春风面 一生不得闲
2024-01-06T03:39:12.128Z,https://mp.weixin.qq.com/s/-KPCujAaCOeYIesO48PFwQ,壁纸 | 这小姐姐美极了！
2024-01-06T03:39:09.596Z,https://mp.weixin.qq.com/s/7xHZGz-7VqB6zBvfs4zZjw,写真丨愿生活不太拥挤 愿笑容不必刻意
2024-01-06T03:39:06.199Z,https://mp.weixin.qq.com/s/GhnNtPzc2Cz5SZqAigAAVw,壁纸 | 这小姐姐美极了！
2024-01-06T03:39:02.550Z,https://mp.weixin.qq.com/s/qBsk4VP7JSrrggi3Mxu9VA,写真丨过去了就是昨天，新的一页翻开还是晴朗的天
2024-01-06T03:39:01.402Z,https://mp.weixin.qq.com/s/kLmE9ul3uXm93V7sNXNW6w,壁纸 | 这小姐姐美极了！
2024-01-06T03:39:01.039Z,https://mp.weixin.qq.com/s/fjlkaB2iMDHrlPPIoo2W8Q,写真丨一生被爱，一生可爱
2024-01-06T03:38:56.460Z,https://mp.weixin.qq.com/s/poU09QrPCiryOvaXTX6C6w,壁纸 | 这小姐姐美极了！
2024-01-06T03:38:53.735Z,https://mp.weixin.qq.com/s/1pDNgCVuR-jg3TQvUJoqzg,写真丨青春不是一段年华 而是一种心境
2024-01-06T03:38:51.250Z,https://mp.weixin.qq.com/s/kKOq8z4I40B7-b40ca9ejA,壁纸 | 这小姐姐美极了！
2024-01-06T03:38:49.999Z,https://mp.weixin.qq.com/s/ZbYNwmJ8h1rT3_8L3QEE9g,写真丨你是我这一生都不会停止的爱
2024-01-06T03:38:47.373Z,https://mp.weixin.qq.com/s/lT7zytsBRsc0msvQwRrizw,私房 | 纯美优雅丽人
2024-01-06T03:38:45.949Z,https://mp.weixin.qq.com/s/f9ulDlZp8FILn3DQkmLnhA,写真丨星光像在写诗 我却为你着了迷
2024-01-06T03:38:42.888Z,https://mp.weixin.qq.com/s/WWGWw0g_icWRnY3ZdEJ7sw,壁纸 | 这小姐姐美极了！
2024-01-06T03:38:41.338Z,https://mp.weixin.qq.com/s/MHV_uf9bKavoMGL2lh3VCg,
2024-01-06T03:38:38.512Z,https://mp.weixin.qq.com/s/eiUAd215JRnGwxmfbDI57w,写真丨玫瑰按期绽放 相遇如期而至
2024-01-06T03:38:36.533Z,https://mp.weixin.qq.com/s/bnLIfKI0Yhpw9SENBGHM_g,微信公众平台
2024-01-06T03:38:33.590Z,https://mp.weixin.qq.com/s/jt_zu3pg0aC0lQB-mOlcog,写真丨我的眼里没有星辰大海 只有你
2024-01-06T03:38:31.408Z,https://mp.weixin.qq.com/s/dduygLyg-vBttBZB7ngx4A,壁纸 | 这小姐姐美极了！
2024-01-06T03:38:29.571Z,https://mp.weixin.qq.com/s/LgoMoF6x4y0VbI9Rw7mJRg,
2024-01-06T03:38:27.356Z,https://mp.weixin.qq.com/s/Cl4gssZ-4iYJQotcXznjgA,写真丨我的心是你不曾知晓的兵荒马乱
2024-01-06T03:38:27.065Z,https://mp.weixin.qq.com/s/FtfcO-1ZS2sc3mHwGUKYgA,壁纸 | 这小姐姐美极了！
2024-01-06T03:38:26.862Z,https://mp.weixin.qq.com/s/yIh4vWciDw0ukTw-a0__Lg,
2024-01-06T03:38:26.409Z,https://mp.weixin.qq.com/s/7P0CSNHRo-VMYZ5elEDcMA,写真丨你是朝露晚星 是我一切的喜欢
2024-01-06T03:38:23.093Z,https://mp.weixin.qq.com/s/RLQhgjs_dTVWcRV74vXg2A,秀人女神合集系列
2024-01-06T03:38:21.769Z,https://mp.weixin.qq.com/s/FZcLZL74Fc8jU9PME_6n0A,写真丨我还是很喜欢你 像水里鱼儿滑落的泪滴 消无声息
2024-01-06T03:38:21.413Z,https://mp.weixin.qq.com/s/VuWJ2bi__M6nS7AxAjXtTg,壁纸 | 这小姐姐美极了！
2024-01-06T03:38:21.068Z,https://mp.weixin.qq.com/s/DjSld1p-x8TzIA_h8RAB9w,秀人女神合集系列
2024-01-06T03:38:21.022Z,https://mp.weixin.qq.com/s/OUxiSXdJOiOSqo9921pLuA,写真丨喜欢相册里的每一个故事
2024-01-06T03:38:20.748Z,https://mp.weixin.qq.com/s/6KaR23vbnbR5yuvN0Y4iiQ,秀人女神合集系列
2024-01-06T03:38:20.610Z,https://mp.weixin.qq.com/s/p37A0SniNOVOFIebSQGQng,写真丨你是一种感觉 写在夏夜晚风里
2024-01-06T03:38:20.409Z,https://mp.weixin.qq.com/s/SgPeroKBoGCshwuViARJSA,秀人女神合集系列
2024-01-06T03:38:20.300Z,https://mp.weixin.qq.com/s/J42aG5k_MCD_7g973ryy6A,写真丨所有的温柔眷恋都是对你的喜欢
2024-01-06T03:38:20.107Z,https://mp.weixin.qq.com/s/bAVmNB0aK3JLJEBXySZo2w,壁纸 | 这小姐姐美极了！
2024-01-06T03:38:20.027Z,https://mp.weixin.qq.com/s/CATSHFV7hYYBwYD1OziFcg,微信公众平台
2024-01-06T03:38:19.916Z,https://mp.weixin.qq.com/s/C_qHGlobwaQIF36fegqP6w,写真丨你满身星月静栖 赢我一生爱意
2024-01-06T03:38:19.875Z,https://mp.weixin.qq.com/s/Igr51KXoXYQQQAOOaKCNoA,壁纸 | 这小姐姐美极了！
2024-01-06T03:38:19.721Z,https://mp.weixin.qq.com/s/wjDZdlBfpOLHSkAQHpi9vA,写真丨星星蓄满的摇篮里 总挂着你的温柔
2024-01-06T03:38:19.672Z,https://mp.weixin.qq.com/s/ZQNIWOxzt1f588Mr0FzGng,壁纸 | 这小姐姐美极了！
2024-01-06T03:38:19.454Z,https://mp.weixin.qq.com/s/bP39C0i9rizoi16HCMihdQ,秀人女神合集系列
2024-01-06T03:38:19.400Z,https://mp.weixin.qq.com/s/OEZnX3BZ0UQ5Hzts_bEd0w,写真丨是心跳是无可替代 是喜欢你
2024-01-06T03:38:19.334Z,https://mp.weixin.qq.com/s/ZzT1elC4LyjZDK5AMLh9ew,壁纸 | 这小姐姐美极了！
2024-01-06T03:38:19.252Z,https://mp.weixin.qq.com/s/r9Zl9yAAKFfgnoLqgvBXKg,秀人女神合集系列
2024-01-06T03:38:19.120Z,https://mp.weixin.qq.com/s/rbhq0INIgnaRXAwfNYiRIA,写真丨日子甜甜的 像第一次遇见你
2024-01-06T03:38:18.983Z,https://mp.weixin.qq.com/s/J-7Faen4xPWEYJ7NoE3DhA,微信公众平台
2024-01-06T03:38:18.848Z,https://mp.weixin.qq.com/s/mzDk_CPWprhzxLnsFRG57A,秀人女神合集系列
2024-01-06T03:38:18.767Z,https://mp.weixin.qq.com/s/-IY5wU7fYLoC1-xdT0mROQ,写真丨我的心不大 只能装下你
2024-01-06T03:38:18.647Z,https://mp.weixin.qq.com/s/Tjpsf89qnPn0emat7NXhLg,微信公众平台
2024-01-06T03:38:18.494Z,https://mp.weixin.qq.com/s/C_3-wDQsLpwtI3I1dNzY8A,秀人女神合集系列
2024-01-06T03:38:18.401Z,https://mp.weixin.qq.com/s/U_xeDvHzmETa8z-9Mbn_DQ,写真 | 人世间所有的美好都是你
2024-01-06T03:38:18.324Z,https://mp.weixin.qq.com/s/fgIC-hB0XZCQHglQS-r3_Q,壁纸 | 这小姐姐美极了！
2024-01-06T03:38:18.265Z,https://mp.weixin.qq.com/s/SOj99q8lGLEnQ3IUEIlDGQ,写真 | 愿清浅的时光里 初心依旧
2024-01-06T03:38:18.194Z,https://mp.weixin.qq.com/s/_UnwpJZonjwsDCGztBGwvA,壁纸 | 这小姐姐美极了！
2024-01-06T03:38:18.130Z,https://mp.weixin.qq.com/s/IY5ovgotGqHyUGldWZfthQ,秀人女神合集系列
2024-01-06T03:38:18.068Z,https://mp.weixin.qq.com/s/mZn0UueQ7oIUQvFgPjYVBg,写真 | 见过星河 却钟情于你一颗星
2024-01-06T03:38:17.980Z,https://mp.weixin.qq.com/s/KuBYyrkdobcP7RlwvO0ZlA,壁纸 | 这小姐姐美极了！
2024-01-06T03:38:17.899Z,https://mp.weixin.qq.com/s/349BnE5DgnYpJJynf0FMCQ,秀人女神合集系列
2024-01-06T03:38:17.809Z,https://mp.weixin.qq.com/s/K4Epsu8C9hcIVuduBj8ckg,写真 | 想落脚的地方 是你的身旁
2024-01-06T03:38:17.672Z,https://mp.weixin.qq.com/s/ROsMFP1XsdnAGKqyilFpuQ,
2024-01-06T03:38:17.636Z,https://mp.weixin.qq.com/mp/wappoc_appmsgcaptcha?poc_token=HOjKmGWjKNiGQSlrNRNY9N2584kxwBnQ4j6q16Oq&target_url=https%3A%2F%2Fmp.weixin.qq.com%2Fs%2FqkoB1bWbW4u-n1BNXWfk6w,微信公众平台
2024-01-06T03:38:17.481Z,https://mp.weixin.qq.com/s/WcX3efC6KVbWJkYnGzvz-A,壁纸 | 这小姐姐美极了！
2024-01-06T03:38:14.868Z,https://mp.weixin.qq.com/s/BuNpfNkX4CxTkVhBiKYmhA,秀人女神合集系列
2024-01-06T03:38:08.713Z,https://mp.weixin.qq.com/s/CsmHTVo6xPjjNbm-WOyu0w,秀人女神合集系列
2024-01-06T03:38:06.607Z,https://mp.weixin.qq.com/s/FhPH7H020f_nUVF7b0WJMQ,壁纸 | 这小姐姐美极了！
2024-01-06T03:37:59.754Z,https://mp.weixin.qq.com/s/6PIeYoGwWVJAKuPlvOL0pw,壁纸 | 这小姐姐美极了！
2024-01-06T03:37:55.712Z,https://mp.weixin.qq.com/s/61BzlFyK19gg7rq3rQINUQ,秀人女神合集系列
2024-01-06T03:37:53.070Z,https://mp.weixin.qq.com/s/eW9pekV8Owy6VbEqNnsXWQ,写真 | 余生我只为你一人钟情
2024-01-06T03:37:51.102Z,https://mp.weixin.qq.com/s/2f_4PmfLGm8483ZwtSUYsg,秀人女神合集系列
2024-01-06T03:37:41.884Z,https://mp.weixin.qq.com/s/6wMZrRbksiiyMeXVYT9TPA,写真 | 余生我只为你一人钟情
2024-01-06T03:37:29.153Z,https://mp.weixin.qq.com/s/qQrErfD4nz57SkomhtmdjQ,写真 | 世界愈悲伤 我要愈快乐
2024-01-06T03:37:25.186Z,https://mp.weixin.qq.com/s/D9q2WeWiOwuAhs3ueQ7G6Q,壁纸 | 这小姐姐美极了！
2024-01-06T03:37:20.577Z,https://mp.weixin.qq.com/s/E-oN_PFKuxL7gXBS6_qGLA,秀人女神合集系列
2024-01-06T03:37:18.846Z,https://mp.weixin.qq.com/s/0ShMKM3OMjdF2eVNBiCUNA,写真 | 我相信我爱你 依然 始终 永远
2024-01-06T03:37:18.378Z,https://mp.weixin.qq.com/s/4S8AYS_olviTjCbd__JmAg,壁纸 | 这小姐姐美极了！
2024-01-06T03:37:11.654Z,https://mp.weixin.qq.com/s/pFh-WP3dzlMEswMtHGw1Aw,写真 | 沿着星河轨迹 踏遍人间春秋
2024-01-06T03:36:44.594Z,https://mp.weixin.qq.com/s/4pSJw7BsObRD7LOJBpS-gg,微信公众平台
2024-01-06T03:36:41.387Z,https://mp.weixin.qq.com/s/58-DHerVaAVfP3V8PL3ZmA,微信公众平台
2024-01-06T03:36:38.811Z,https://mp.weixin.qq.com/s/suXnlGg5zsvoE--oxRyL7A,微信公众平台
2024-01-06T03:36:36.441Z,https://mp.weixin.qq.com/s/Ekc_Z__Z8uEZ9HPME1WiLA,壁纸潮图：学院风小美女
2024-01-06T03:36:33.597Z,https://mp.weixin.qq.com/s/X2dbkw30sG8CuMgrmt2VKg,微信公众平台
2024-01-06T03:36:30.795Z,https://mp.weixin.qq.com/s/EBQXKzEv-7fas5XaXZTbkg,壁纸潮图：极品女神
2024-01-06T03:36:23.858Z,https://mp.weixin.qq.com/s/vtVjF2sJS5w-JNf5WsjUNA,壁纸潮图：动漫文字
2024-01-06T03:36:19.612Z,https://mp.weixin.qq.com/s/QBSb-XQQacx0kevilf1APg,微信公众平台
2024-01-06T03:36:18.082Z,https://mp.weixin.qq.com/s/cbnoWPG6Fm67PkztJlX_0A,
2024-01-06T03:36:11.689Z,https://mp.weixin.qq.com/s/YJUxJONiCyCz5YAK9JIl5A,?爱颜馆：纯欲小姐姐
2024-01-06T03:36:10.580Z,https://mp.weixin.qq.com/s/AS1b2K2dxkSAyT6qkHFQgg,
2024-01-06T03:36:07.362Z,https://mp.weixin.qq.com/s/e4hm99ANJQvgX_bUuIgtaw,壁纸潮图：极品美女
2024-01-06T03:36:03.854Z,https://mp.weixin.qq.com/s/I0Q2MKqfPFjLbiheua5zkQ,套图馆：瑜伽美女
2024-01-06T03:36:02.402Z,https://mp.weixin.qq.com/s/rDUo5qBDQVrml0YGCdi-Bw,壁纸潮图：宅男动漫
2024-01-06T03:35:56.950Z,https://mp.weixin.qq.com/s/Kn5gIOFm2l7jNycwRWlUlw,微信公众平台
2024-01-06T03:35:36.192Z,https://mp.weixin.qq.com/s/ewx_bt3i77Rr6jmgeCwtew,壁纸潮图：横屏电脑精选
2024-01-06T03:35:02.088Z,https://mp.weixin.qq.com/s/nSLf4xB1VA3HlQHovj6ayQ,微信公众平台
2024-01-06T03:34:54.958Z,https://mp.weixin.qq.com/s/L3A66WbxU3AKRyssvsG2Ow,套图馆：黑丝长裙美女
2024-01-06T03:34:51.448Z,https://mp.weixin.qq.com/s/wuF1_ab0v24VnBgsmsYe0g,微信公众平台
2024-01-06T03:34:47.975Z,https://mp.weixin.qq.com/s/7ySnXpyIJUqwYLtFG181eQ,套图馆：连衣裙美女
2024-01-06T03:34:32.374Z,https://mp.weixin.qq.com/s/kEapJnovE0G2p4O0swx2aA,壁纸潮图：黑色文字
2024-01-06T03:33:03.718Z,https://mp.weixin.qq.com/s/HGRKIiyohVEHsKzvo5UHlA,微信公众平台
2024-01-06T03:32:55.990Z,https://mp.weixin.qq.com/s/PleHyjSY-O3BBKnqRc8oqA,微信公众平台
2024-01-06T03:32:50.979Z,https://mp.weixin.qq.com/s/DbfszAhBOuAHMYe3WfRh9g,微信公众平台
2024-01-06T03:32:47.126Z,https://mp.weixin.qq.com/s/a0nlZaWzfwhpG5DQVJP8iA,微信公众平台
2024-01-06T03:32:11.461Z,https://mp.weixin.qq.com/s/WUlM5jdNvApCCleHgsPw4Q,微信公众平台
2024-01-06T03:32:05.094Z,https://mp.weixin.qq.com/s/TldVHVl9OjPos99evAbpaw,微信公众平台
2024-01-06T03:31:57.623Z,https://mp.weixin.qq.com/s/2-7uvb0mJJpamyVoXcBTAA,微信公众平台
2024-01-06T03:31:37.394Z,https://mp.weixin.qq.com/s/98JZV80MIB5ZY771aUq-bw,微信公众平台
2024-01-06T03:31:19.315Z,https://mp.weixin.qq.com/s/o09tiY-VUb0r8aiKgSjLLA,微信公众平台
2024-01-06T03:30:21.182Z,https://mp.weixin.qq.com/s/3Oy810W7FcI76JdV0Z80JA,微信公众平台
2024-01-06T03:30:13.817Z,https://mp.weixin.qq.com/s/ggO4smsJW1FHd3j8VVb1ZA,微信公众平台
2024-01-06T03:30:08.684Z,https://mp.weixin.qq.com/s/5GTHFJb9tzmMJ8QnZzkVpw,微信公众平台
2024-01-06T03:30:03.354Z,https://mp.weixin.qq.com/s/pnhcpEUgm3ApwUdIO5jG2g,微信公众平台
2024-01-06T03:29:58.700Z,https://mp.weixin.qq.com/s/c34BZmtncnhzOGBejoEO9g,微信公众平台
2024-01-06T03:29:55.899Z,https://mp.weixin.qq.com/s/910lvszRKPXWtz9nTJ6EDA,微信公众平台
2024-01-06T03:29:52.587Z,https://mp.weixin.qq.com/s/BLSUIKYpH3suOUzW0PM6IQ,iOS套装主题壁纸丨Vol.05
2024-01-06T03:29:46.844Z,https://mp.weixin.qq.com/s/SfcZJaNl3HxM-yopHpTeyw,微信公众平台
2024-01-06T03:29:44.412Z,https://mp.weixin.qq.com/s/MNHxcrvpBYqtNmu3RRC90A,微信公众平台
2024-01-06T03:29:37.011Z,https://mp.weixin.qq.com/s/loJObgtDOFMUdCR2Dk6M0Q,微信公众平台
2024-01-06T03:29:36.003Z,https://mp.weixin.qq.com/mp/wappoc_appmsgcaptcha?poc_token=HNDImGWjAJM0en0ZUTuYRLYTT1ilZLRT-b6FuUZV&target_url=https%3A%2F%2Fmp.weixin.qq.com%2Fs%2FyBYgFrN_rIt1xojeKfyXyQ,微信公众平台
2024-01-06T03:29:28.508Z,https://mp.weixin.qq.com/s/u3iv-tu1wiU5RkqDTTdwoA,微信公众平台
2024-01-06T03:29:15.557Z,https://mp.weixin.qq.com/s/_cDvCqk7822AQTxIGOpjrg,微信公众平台
2024-01-06T03:28:54.869Z,https://mp.weixin.qq.com/s/8tvTyVAzpYj9BccDxTEqFg,微信公众平台
2024-01-06T03:28:49.036Z,https://mp.weixin.qq.com/s/ER9dkXZfbZVnnqoAvSnwmA,微信公众平台
2024-01-06T03:28:42.202Z,https://mp.weixin.qq.com/s/951MBbPNqjDWkgOG2YRXrQ,微信公众平台
2024-01-06T03:28:38.062Z,https://mp.weixin.qq.com/s/igZmYK05NojOYjQZqgwwug,微信公众平台
2024-01-06T03:28:34.307Z,https://mp.weixin.qq.com/s/crEAtiRZAxx-j6cNCR0jvQ,微信公众平台
2024-01-06T03:28:29.983Z,https://mp.weixin.qq.com/s/e8uw8t0_30oOuNIkEoq8Pg,微信公众平台
2024-01-06T03:28:29.196Z,https://mp.weixin.qq.com/s/d2LBe5X4l_G9kBNNnqKvQw,套图集 | 嘿丝美腿
2024-01-06T03:28:28.483Z,https://mp.weixin.qq.com/s/QadXYgyRqkYEkXX4kHe0kQ,手机壁纸 | 今日精选12张
2024-01-06T03:28:25.571Z,https://mp.weixin.qq.com/s/KVHkoEsojWusnQIcMmJHoA,壁纸Wallpaper丨快来换上吧！
2024-01-06T03:28:24.197Z,https://mp.weixin.qq.com/s/IDrWTkf8dgUuPLd6hAFgAw,横屏壁纸 | 让你的电脑平板也酷炫！
2024-01-06T03:28:21.521Z,https://mp.weixin.qq.com/s/FYOWykWdmH-DjiLC9NXbTw,手机壁纸 | 今日精选12张
2024-01-06T03:28:21.250Z,https://mp.weixin.qq.com/s/y0NYrq0MPwIbiVKiAw9QSQ,壁纸Wallpaper丨养眼好看！
2024-01-06T03:28:21.012Z,https://mp.weixin.qq.com/s/7gENgdDuWJwx7Qs4zKf6KA,
2024-01-06T03:28:19.539Z,https://mp.weixin.qq.com/s/zTy1mY7i05GDtz4zPfSv7g,
2024-01-06T03:28:19.296Z,https://mp.weixin.qq.com/s/97vHd_TH40ZlqjmLPvU_kQ,
2024-01-06T03:28:19.132Z,https://mp.weixin.qq.com/s/mInRLk9s88XpGwiN4VBiBQ,
2024-01-06T03:28:18.438Z,https://mp.weixin.qq.com/s/MnSwOBVj3kwmvtmOB7pK7Q,
2024-01-06T03:28:18.288Z,https://mp.weixin.qq.com/s/LWhhvLry0qct5nBHeUUEEg,
2024-01-06T03:28:17.781Z,https://mp.weixin.qq.com/s/WgiVJPM9NEAqGyXdwE28tw,
2024-01-06T03:28:17.599Z,https://mp.weixin.qq.com/s/TAe8XfGpnwEVcHe1yOugXQ,
2024-01-06T03:28:17.396Z,https://mp.weixin.qq.com/s/oF9gE6HASyT_ti1khLxpBQ,渣男壁纸 | 全面屏精选12张
2024-01-06T03:28:17.355Z,https://mp.weixin.qq.com/s/GqsUTySzmxEDmmTLjrPvIw,美女福利社
2024-01-06T03:28:17.169Z,https://mp.weixin.qq.com/s/KEzqghK9RmS3PXQdkiXUXw,iOS套装主题壁纸丨Vol.06
2024-01-06T03:28:17.048Z,https://mp.weixin.qq.com/s/M6GH0XleMLtRCdrPFwh0jg,爱壁纸爱生活，超多精彩等你来！
2024-01-06T03:28:16.585Z,https://mp.weixin.qq.com/s/Ze0RTornJgCW_pjMWyn8Vg,渣男壁纸 | 全面屏精选12张
2024-01-06T03:28:16.275Z,https://mp.weixin.qq.com/s/tTRe1Ahea4uxdpQebMxEsw,壁纸Wallpaper丨抽象个性！
2024-01-06T03:28:16.194Z,https://mp.weixin.qq.com/s/YOVT-Jv8lBmamDOBHgO-rw,横屏壁纸 | 好看横屏壁纸，电脑平板通用！
2024-01-06T03:28:16.103Z,https://mp.weixin.qq.com/s/4LY-vzOHhlciDfGIQOznqg,渣男壁纸 | 全面屏精选12张
2024-01-06T03:28:16.025Z,https://mp.weixin.qq.com/s/RzMxHs9g81xcQiSatalfRw,爱壁纸爱生活，超多精彩等你来！
2024-01-06T03:28:15.833Z,https://mp.weixin.qq.com/s/lW3BhZALE8HXOavBmmc-cg,美女福利社
2024-01-06T03:28:15.195Z,https://mp.weixin.qq.com/s/hjR37u9baTOy6GXxa4JArA,壁纸Wallpaper丨养眼！
2024-01-06T03:28:15.062Z,https://mp.weixin.qq.com/s/l_KNb1ZQJ5K5lwNxxqL2XQ,个性头像 | 好看的个性头像来了！
2024-01-06T03:28:14.885Z,https://mp.weixin.qq.com/s/41x5aGs5fA8b1OAyLl9VSw,手机壁纸 | 今日精选12张
2024-01-06T03:28:14.757Z,https://mp.weixin.qq.com/s/EadfVQgpB95_RPGAIDALJw,壁纸Wallpaper丨推荐收藏！
2024-01-06T03:28:14.669Z,https://mp.weixin.qq.com/s/G19NqRvsyvB3ekkRsZ1SOA,套图集 | 美腿少女私房写真
2024-01-06T03:28:14.556Z,https://mp.weixin.qq.com/s/mkYyD9lMuPkEvi8XQPwepQ,手机壁纸 | 今日精选12张
2024-01-06T03:28:14.421Z,https://mp.weixin.qq.com/s/4BVyurquv6ghIC0UM68SIA,壁纸Wallpaper丨养眼精致！
2024-01-06T03:28:14.261Z,https://mp.weixin.qq.com/s/BH8jH_hy48uJywizjKnNVQ,手机壁纸 | 今日精选12张
2024-01-06T03:28:14.002Z,https://mp.weixin.qq.com/s/8hVD2RAh-xqq3GePyTMHCw,壁纸Wallpaper丨绚丽精选！
2024-01-06T03:28:12.805Z,https://mp.weixin.qq.com/s/acZVdFM4QtDb8m2Q-Fu0Pg,套图集 | 美女私房写真
2024-01-06T03:28:12.398Z,https://mp.weixin.qq.com/s/TbPSjbJj3GITGbpRcd-eoA,个性头像 | 好看炫酷有个性！
2024-01-06T03:28:12.092Z,https://mp.weixin.qq.com/s/oDz6hXcGpqjkBwxLXwUqkA,手机壁纸 | 今日精选12张
2024-01-06T03:28:11.901Z,https://mp.weixin.qq.com/s/bGNM6kx6nt9Ars9CgwzPUQ,壁纸Wallpaper丨养眼精致！
2024-01-06T03:28:11.654Z,https://mp.weixin.qq.com/s/lggeQViTkdjFe7_Tl9zPTg,iOS套装主题壁纸丨Vol.04
2024-01-06T03:28:11.516Z,https://mp.weixin.qq.com/s/nR_QkCf6aHoc9_aZhVp8wA,手机壁纸 | 今日精选12张
2024-01-06T03:28:11.304Z,https://mp.weixin.qq.com/s/9bRCq_SQsbZnAX1PseTO0g,壁纸Wallpaper丨爱了！
2024-01-06T03:28:11.236Z,https://mp.weixin.qq.com/s/PmscYEyDySJnJ3BDUgMz-Q,横屏壁纸 | 给电脑也换换壁纸！
2024-01-06T03:28:11.103Z,https://mp.weixin.qq.com/s/kFRe5Dx5serRCosgw_NIug,手机壁纸 | 今日精选12张
2024-01-06T03:28:10.973Z,https://mp.weixin.qq.com/s/LZSDIjyG95-YWk2f3m2KQg,壁纸Wallpaper丨绝美精选！
2024-01-06T03:28:10.870Z,https://mp.weixin.qq.com/s/etrj1_3tyTa06JfXZPYJpQ,个性头像 | 每一个都是精选！
2024-01-06T03:28:10.751Z,https://mp.weixin.qq.com/s/-TAtq2fCL5dIIxdbMfTgnw,手机壁纸 | 今日精选12张
2024-01-06T03:28:10.607Z,https://mp.weixin.qq.com/s/5Y4cAPB5M3Y1G8ONLbbv-Q,壁纸Wallpaper丨绝美精选！
2024-01-06T03:28:10.441Z,https://mp.weixin.qq.com/s/EyV7ZYh4PlXRaeDvyz89Zw,情侣壁纸丨天生一对Vol.03
2024-01-06T03:28:08.582Z,https://mp.weixin.qq.com/s/iDEn3-s9sWX7pd3XlWC9jg,手机壁纸 | 今日精选12张
2024-01-06T03:28:00.859Z,https://mp.weixin.qq.com/s/KtAJipPnQvCBRrU8-qUxfg,套图集 | 操场上的青春
2024-01-06T03:27:53.898Z,https://mp.weixin.qq.com/s/JefWyLcv2699CystYB3SuQ,壁纸Wallpaper丨精选酷炫！
2024-01-06T03:27:47.433Z,https://mp.weixin.qq.com/s/6-vrNqQXwL_3bmZCixqjHQ,横屏壁纸 | 10张宽屏壁纸推荐
2024-01-06T03:27:44.503Z,https://mp.weixin.qq.com/s/3UcuzifqlMwRDK6OKO3OhQ,手机壁纸 | 今日精选12张
2024-01-06T03:27:30.249Z,https://mp.weixin.qq.com/s/OAYaZ1Es8O2PX_hb9cfB4w,爱酷壁纸，玩壁纸赚积分兑现金！
2024-01-06T03:27:26.393Z,https://mp.weixin.qq.com/s/aZVkppwO0ZEwgvtGpWEcOQ,添加客服，获取更多精彩！
2024-01-06T03:27:17.326Z,https://mp.weixin.qq.com/s/FGQqGSCieV9FyuWuqXxNTw,壁纸Wallpaper丨酷炫时尚！
2024-01-06T03:27:13.750Z,https://mp.weixin.qq.com/s/_3Cny-oUMUhwd33u_ckluw,情侣头像 | 好看情侣头像10组！
2024-01-06T03:27:03.507Z,https://mp.weixin.qq.com/s/xzA6yfqIyKAEb6iDb3SNyw,手机壁纸 | 今日精选12张
2024-01-06T03:26:40.323Z,https://mp.weixin.qq.com/s/Ovgppvj5DZ1jWQYicurlRQ,壁纸Wallpaper丨热门精选！
2024-01-06T03:26:33.963Z,https://mp.weixin.qq.com/s/1601cA9x01NWbv-PN6IUuw,情侣壁纸丨天生一对Vol.02
2024-01-06T03:26:03.887Z,https://mp.weixin.qq.com/s/tTbNCrzi2cIB92YWTqfCJw,微信公众平台
2024-01-06T03:25:50.000Z,https://mp.weixin.qq.com/s/kiD_9lYGJuX4aEDKJp-lTg,微信公众平台
2024-01-06T03:25:44.697Z,https://mp.weixin.qq.com/s/aREQL85NKsqdJX7nGlPvJQ,抖音取图教程，请认真阅读全文
2024-01-06T03:25:40.341Z,https://mp.weixin.qq.com/s/mlv0RIUd5Y_bG-1O8fiDvg,微信公众平台
2024-01-06T03:25:36.313Z,https://mp.weixin.qq.com/s/Nntr0mgfEaYVYl3NDxAISA,微信公众平台
2024-01-06T03:25:23.467Z,https://mp.weixin.qq.com/s/nwPz6t-8WgehnsQc-fYAlA,个性头像丨高质量超精选！
2024-01-06T03:18:13.351Z,https://mp.weixin.qq.com/s/G_3I18TJm_wmt1nbxeihSw,Ai画酱｜皮衣
2024-01-06T03:18:12.765Z,https://mp.weixin.qq.com/s/VxVH_Cxb7pPZVE86g8mtDA,Ai绘画｜胖次
2024-01-06T03:18:12.555Z,https://mp.weixin.qq.com/s/aWgWkzRHfwPIbM0jWkwfLw,Ai画作｜园林少女
2024-01-06T03:18:12.439Z,https://mp.weixin.qq.com/s/tgtfXM5yY5HUpXyAD5ocmQ,Ai画作 | 好身材秀出来
2024-01-06T03:18:12.287Z,https://mp.weixin.qq.com/s/LSiIV6h_76Tepcs1FhtxhQ,Ai画作 | 水下的世界是另一种美好 只要睁开眼
2024-01-06T03:18:12.037Z,https://mp.weixin.qq.com/s/zx60DGJCmmKEQs6ZvHQB8A,Ai画作 | 在所有物是人非的景色里，我只喜欢你。
2024-01-06T03:18:11.791Z,https://mp.weixin.qq.com/s/rpK6VVOkcsQp4iaaNug8jg,Ai画作 | 眉梢眼角藏秀气 声音笑貌露温柔
2024-01-06T03:18:11.340Z,https://mp.weixin.qq.com/s/w5PZCR84mrI6QUu9X0TLLQ,Ai画作 | 甜到你心里了吧！
2024-01-06T03:18:11.172Z,https://mp.weixin.qq.com/s/Zgx4NI0So0TD8npzrvRaRQ,Ai画作 | 好久不见碎花小裙裙，今日穿搭萌到了吗
2024-01-06T03:18:10.603Z,https://mp.weixin.qq.com/s/2e0Jijms4ZogrRM9L6gwMA,Ai画作 | 再来一组水中仙子，下次小心别再掉水里了
2024-01-06T03:18:08.667Z,https://mp.weixin.qq.com/s/hH1pEqnXMzkkeAp3fJ7vVA,Ai画作 | 紫色的妹妹很有韵味
2024-01-06T03:18:08.485Z,https://mp.weixin.qq.com/s/jJsIoip1KcLVj-mGqAHF2A,Ai画作 | 学校篮球啦啦队，青春又活力
2024-01-06T03:18:08.399Z,https://mp.weixin.qq.com/s/G6KPsdGIJ-vFjCCz0PkLPQ,Ai画作 | 极具神秘、高冷的黑蜘蛛性感来袭
2024-01-06T03:18:08.295Z,https://mp.weixin.qq.com/s/T-Lq6FHn-aTuizFBS5iwpQ,Ai画作 | 公司组织春游，穿哪套衣服合适呢？
2024-01-06T03:18:02.952Z,https://mp.weixin.qq.com/s/P8L-liQzHdjo4mger5Oq-g,Ai绘画 第四期【一】
2024-01-06T03:18:02.610Z,https://mp.weixin.qq.com/s/loqdAmj9vWO6tZZmGEW1Kw,Ai绘画 第三期【一】
2024-01-06T03:18:01.920Z,https://mp.weixin.qq.com/s/LS0Rdbhme4CTkqu3ftjxPw,Ai绘画 第二期【一】
2024-01-06T03:17:58.014Z,https://mp.weixin.qq.com/s/4nL4-c05XYHAUxgNQvKUhg,
2024-01-06T03:17:53.527Z,https://mp.weixin.qq.com/s/xc839ZEo6FZHhQF3e1Tj2Q,Ai绘画 第二十期【一】
2024-01-06T03:17:45.513Z,https://mp.weixin.qq.com/s/fkqBxnvQI7ney1xjEx9NZw,Ai绘画 第十九期【一】
2024-01-06T03:17:43.334Z,https://mp.weixin.qq.com/s/A5gcNTrmBtEyKMxnDWD5_Q,Ai绘画 第十八期【一】
2024-01-06T03:17:40.686Z,https://mp.weixin.qq.com/s/GosCjO5hfi4nvQeJAg-7OQ,Ai绘画 第十七期【一】
2024-01-06T03:17:37.506Z,https://mp.weixin.qq.com/s/PYZFLAjHxrjZkVG_SWYHlQ,Ai绘画 第十五期【一】
2024-01-06T03:17:32.615Z,https://mp.weixin.qq.com/s/8vPUtOJrDyFQDBaY25kgbQ,Ai绘画 第十四期【一】
2024-01-06T03:17:29.785Z,https://mp.weixin.qq.com/s/jjALhQdnifGBGCx1h-N0mg,Ai绘画 第十三期【一】
2024-01-06T03:17:28.916Z,https://mp.weixin.qq.com/s/AqUWDUSHSh0YYviRbKBcFg,Ai绘画 第十二期【一】
2024-01-06T03:17:24.812Z,https://mp.weixin.qq.com/s/BLDJQQxUjzb9jle4JTl5oQ,Ai绘画 第十一期【一】
2024-01-06T03:17:24.805Z,https://mp.weixin.qq.com/s/O428wTnM5DhmKOJJSlAfGg,Ai绘画 第十期【一】
2024-01-06T03:17:24.796Z,https://mp.weixin.qq.com/s/VOJsgLpU5AWDsUAm-40pRg,Ai绘画 第九期【一】
2024-01-06T03:17:24.781Z,https://mp.weixin.qq.com/s/48g4o6gTg7EyEww0jOhjOA,Ai绘画 第八期【一】
2024-01-06T03:16:45.642Z,https://mp.weixin.qq.com/s/fgdSnvUMWFqX9ka1eYeP8w,Ai绘画 第七期【一】
2024-01-06T03:16:44.608Z,https://mp.weixin.qq.com/s/oGxBWQT7X3auL7B95-ZrgQ,Ai绘画 第六期【一】
2024-01-06T03:16:40.227Z,https://mp.weixin.qq.com/s/ScHv-p3zeAkZb7CQbf0b1Q,Ai绘画 第五期【一】
2024-01-06T03:16:37.760Z,https://mp.weixin.qq.com/s/J7GNDgT4x-sffKKLtNr1Ig,Ai绘画 第一期【一】
2024-01-06T03:16:26.328Z,https://mp.weixin.qq.com/s/oogzEgdR0xQbAsG5Y4fyGw,壁纸 | 二次元壁纸
2024-01-06T03:16:24.615Z,https://mp.weixin.qq.com/s/ZckbjriEOOUfuGtJfpFw3Q,壁纸 | 二次元壁纸04.21
2024-01-06T03:16:22.277Z,https://mp.weixin.qq.com/s/lqyF2XR9zJMadKwhD2wFGw,壁纸 | 二次元壁纸05.06
2024-01-06T03:16:21.984Z,https://mp.weixin.qq.com/s/QVP_67YYHfLzRgontsawNA,壁纸 | 二次元壁纸05.05
2024-01-06T03:16:21.850Z,https://mp.weixin.qq.com/s/VWtT3kpojinhGT2V5wTPMA,壁纸 | 二次元壁纸05.01
2024-01-06T03:16:21.512Z,https://mp.weixin.qq.com/s/2tIM9k55XPEb-02Cjin5TA,壁纸 | 二次元壁纸04.30
2024-01-06T03:16:20.961Z,https://mp.weixin.qq.com/s/YQqchBg3ilcuk6sg23Y7DQ,壁纸 | 二次元壁纸04.29
2024-01-06T03:16:20.675Z,https://mp.weixin.qq.com/s/l_JJ_Jv7h39BRwnCEa9O0w,壁纸 | 二次元壁纸04.28
2024-01-06T03:16:19.308Z,https://mp.weixin.qq.com/s/o8jS3J8RjMMLguA9GegdAQ,壁纸 | 二次元壁纸04.27
2024-01-06T03:16:18.549Z,https://mp.weixin.qq.com/s/ZtcuWhFmJLL9FD7aB43scw,壁纸 | 二次元壁纸04.26
2024-01-06T03:16:13.447Z,https://mp.weixin.qq.com/s/_e0esqhIRj2ChhCOQtpxMg,壁纸 | 二次元壁纸04.25
2024-01-06T03:16:11.229Z,https://mp.weixin.qq.com/s/3HMGX69nza2pNHN5pEP31A,壁纸 | 二次元壁纸04.24
2024-01-06T03:15:58.286Z,https://mp.weixin.qq.com/s/ewpaaK3nZFOGZYwvI_Ar8g,壁纸 | 二次元壁纸04.23
2024-01-06T03:15:53.757Z,https://mp.weixin.qq.com/s/wtR4N5rkNxzFu4bdDqQVXQ,壁纸 | 二次元壁纸04.22
2024-01-06T03:15:47.893Z,https://mp.weixin.qq.com/s/EYqRrl99v12mZPeCsRQXoA,壁纸 | 二次元壁纸04.16
2024-01-06T03:15:41.241Z,https://mp.weixin.qq.com/s/YeVDuKZ9lp8G12o8JaHKNg,壁纸 | 二次元壁纸04.13
2024-01-06T03:15:37.316Z,https://mp.weixin.qq.com/s/G8UyFtnmG2QZGPrAD4fYbA,壁纸 | 二次元壁纸04.12
2024-01-06T03:15:34.302Z,https://mp.weixin.qq.com/s/nCn4lNa93aCzW539jbGqUg,壁纸 | 二次元壁纸04.17
2024-01-06T03:15:30.480Z,https://mp.weixin.qq.com/s/1UQ13D31sEMAR7jOEJkLmg,壁纸 | 二次元壁纸04.18
2024-01-06T03:15:25.841Z,https://mp.weixin.qq.com/s/CtoYqKlX7T7JcWOYp9G_LQ,壁纸 | 二次元壁纸04.14
2024-01-06T03:15:20.917Z,https://mp.weixin.qq.com/s/co1zKtp_Ed0GNKZt8MAqng,壁纸 | 二次元壁纸04.19
2024-01-06T03:15:03.007Z,https://mp.weixin.qq.com/s/0CmonweEFSM0wiuuOQR0MA,壁纸 | 二次元壁纸04.15
2024-01-06T03:15:02.800Z,https://mp.weixin.qq.com/s/-PWrwcVdhlHsytI9gt4baw,壁纸 | 二次元壁纸04.10
2024-01-06T03:14:56.779Z,https://mp.weixin.qq.com/s/jlCP9TxU4IHUhr5saxgiFA,壁纸 | 二次元壁纸04.06
2024-01-06T03:14:53.202Z,https://mp.weixin.qq.com/s/yXt87PUr-YOmQMdKbkFDqw,壁纸 | 二次元壁纸04.08
2024-01-06T03:14:49.317Z,https://mp.weixin.qq.com/s/YBH4_TbGyGJ4MI4vq7uXqg,壁纸 | 二次元壁纸04.11
2024-01-06T03:14:48.417Z,https://mp.weixin.qq.com/s/4y5dQF2I6Bz3n3FEb2FAJg,壁纸 | 二次元壁纸04.09
2024-01-06T03:14:28.798Z,https://mp.weixin.qq.com/s/YS3GLzQrgnUI8_8o00VjXw,壁纸 | 二次元壁纸04.07
2024-01-06T03:14:11.580Z,https://mp.weixin.qq.com/s/9Q0aA-iYGR-fqCgGN4GQ0w,壁纸 | 二次元壁纸04.05
2024-01-06T03:13:35.756Z,https://mp.weixin.qq.com/s/358aGB6o7hnonA8swFCdRg,壁纸 | 二次元壁纸04.04
2024-01-06T03:13:32.658Z,https://mp.weixin.qq.com/s/R8O2xDqngNEjr2xndeS0kA,壁纸 | 二次元壁纸04.01
2024-01-06T03:13:28.974Z,https://mp.weixin.qq.com/s/MZ_2WNk_we8zZm8o7LsQtw,壁纸 | 二次元壁纸0331期
2024-01-06T03:13:28.384Z,https://mp.weixin.qq.com/s/v8PK6aOHxGPxdHI5kKjuhA,壁纸 | 二次元壁纸0330期
2024-01-06T03:13:27.413Z,https://mp.weixin.qq.com/s/nmd6eVuK4OpIm7M9LfbisA,壁纸 | 二次元壁纸0329期
2024-01-06T03:13:25.179Z,https://mp.weixin.qq.com/s/coA76J6Vw4elz4_1F7MBZA,壁纸 | 二次元壁纸0328期
2024-01-06T03:13:24.516Z,https://mp.weixin.qq.com/s/DNQYGKMe374wE2ezivSgbQ,壁纸 | 二次元壁纸0327期
2024-01-06T03:13:22.049Z,https://mp.weixin.qq.com/s/a2wwQmGUOoBXA0JwjJZPlQ,壁纸 | 二次元壁纸0326期
2024-01-06T03:13:21.160Z,https://mp.weixin.qq.com/s/jBHECRdE2Gkq9E5MAeGl2Q,壁纸 | 二次元壁纸0325期
2024-01-06T03:13:17.444Z,https://mp.weixin.qq.com/s/4ofkRUH_2YIP34d_xJ_srA,壁纸 | 二次元壁纸04.02
2024-01-06T03:13:07.197Z,https://mp.weixin.qq.com/s/i-qZpYltoj1QNDZ5W9mP3Q,壁纸 | 二次元壁纸0324期
2024-01-06T03:12:59.084Z,https://mp.weixin.qq.com/s/rF8PFEGTUgJ2FJVxv2FWNA,壁纸 | 二次元壁纸0323期
2024-01-06T03:12:57.063Z,https://mp.weixin.qq.com/s/XBlpvm_hPRjNcd2lgNLW2w,壁纸 | 二次元壁纸1204期
2024-01-06T03:12:52.129Z,https://mp.weixin.qq.com/s/3MLF9TOAUwFA7Q5z91Fsrw,壁纸 | 二次元壁纸1203期
2024-01-06T03:12:51.196Z,https://mp.weixin.qq.com/s/3FQy-bqcUO4gga-Pzp-Xjg,壁纸 | 二次元壁纸1201期
2024-01-06T03:12:47.634Z,https://mp.weixin.qq.com/s/MrIdBj2vA9KZTiPEavR7HA,壁纸 | 二次元壁纸1130期
2024-01-06T03:12:43.379Z,https://mp.weixin.qq.com/s/vJFs7HUJd2ebf-froXjnNw,壁纸 | 二次元壁纸1129期
2024-01-06T03:12:42.513Z,https://mp.weixin.qq.com/s/acaB0JMi3_BnTfTFNgVj9A,壁纸 | 二次元壁纸1128期
2024-01-06T03:12:40.991Z,https://mp.weixin.qq.com/s/zmgCyeqYm6iYpKIN3EMItg,壁纸 | 二次元壁纸1127期
2024-01-06T03:12:40.062Z,https://mp.weixin.qq.com/s/G82QdDtWpJFQx9LrIdXPeg,壁纸 | 二次元壁纸1126期
2024-01-06T03:12:38.233Z,https://mp.weixin.qq.com/s/ohCQlWZMXk7ojqh2vwdQOg,壁纸 | 二次元壁纸1125期
2024-01-06T03:12:37.472Z,https://mp.weixin.qq.com/s/cXc7pMsD4Ld1IgGkyboXeg,壁纸 | 二次元壁纸1124期
2024-01-06T03:12:36.777Z,https://mp.weixin.qq.com/s/wOfgYjiFDMC3BkcGIBHURQ,壁纸 | 二次元壁纸1123期
2024-01-06T03:12:34.131Z,https://mp.weixin.qq.com/s/PVU4TCsulK022w1L7QiS3g,壁纸 | 二次元壁纸1122期
2024-01-06T03:12:33.543Z,https://mp.weixin.qq.com/s/hlY4iIVYPmmIhGQF8e0NBg,壁纸 | 二次元壁纸1121期
2024-01-06T03:12:31.769Z,https://mp.weixin.qq.com/s/TzjH-kaXKAaRwSbAhBVx-Q,壁纸 | 二次元壁纸1120期
2024-01-06T03:12:30.882Z,https://mp.weixin.qq.com/s/JULCFskEeMrNKWwCxmWVbA,壁纸 | 二次元壁纸1119期
2024-01-06T03:12:30.085Z,https://mp.weixin.qq.com/s/LDfxKg6Ha1U66C-_5kP_kw,壁纸 | 二次元壁纸1118期
2024-01-06T03:12:29.073Z,https://mp.weixin.qq.com/s/dDkMZVwLft18yEIbgkKKfw,壁纸 | 二次元壁纸1117期
2024-01-06T03:12:26.933Z,https://mp.weixin.qq.com/s/fj654qeFxggm7lybxl5ZNA,壁纸 | 二次元壁纸1116期
2024-01-06T03:12:26.114Z,https://mp.weixin.qq.com/s/C7mWj5RfDtKuUKXhM2xMbg,壁纸 | 二次元壁纸1115期
2024-01-06T03:12:25.250Z,https://mp.weixin.qq.com/s/86LRndRLV9a_fhhmRVdVIA,壁纸 | 二次元壁纸1114期
2024-01-06T03:12:23.188Z,https://mp.weixin.qq.com/s/aSy_3kgQUPcHdz3YeVBQKw,壁纸 | 二次元壁纸1113期
2024-01-06T03:12:21.963Z,https://mp.weixin.qq.com/s/nsYll2yjbQkuBNfvid9AqQ,壁纸 | 二次元壁纸1112期
2024-01-06T03:12:21.141Z,https://mp.weixin.qq.com/s/x3M1tgSq-7clw6CJ453XTg,壁纸 | 二次元壁纸1111期
2024-01-06T03:12:19.082Z,https://mp.weixin.qq.com/s/Zwh35b6Flbt8YQFpBwJCvQ,壁纸 | 二次元壁纸1110期
2024-01-06T03:12:18.578Z,https://mp.weixin.qq.com/s/kC6oOCsl1W89vb0Q-cOS-A,壁纸 | 二次元壁纸1109期
2024-01-06T03:12:17.489Z,https://mp.weixin.qq.com/s/rgjsixqtdX-ZPSb6fez_cA,壁纸 | 二次元壁纸1108期
2024-01-06T03:12:15.130Z,https://mp.weixin.qq.com/s/B9yVvQI1sWWhLEkSlvjJYQ,壁纸 | 二次元壁纸1107期
2024-01-06T03:12:13.930Z,https://mp.weixin.qq.com/s/nIcULdomdDMk4roGDOgsvg,壁纸 | 二次元壁纸1106期
2024-01-06T03:12:13.108Z,https://mp.weixin.qq.com/s/plL9w5IGdVw4zbZufzumkw,壁纸 | 二次元壁纸1105期
2024-01-06T03:12:07.108Z,https://mp.weixin.qq.com/s/jGXBvDhOo4LNdcS3coUCZg,壁纸 | 二次元壁纸1104期
2024-01-06T03:12:06.543Z,https://mp.weixin.qq.com/s/bd4CaiICmEJ9uan6x2PCsA,壁纸 | 二次元壁纸1103期
2024-01-06T03:12:02.942Z,https://mp.weixin.qq.com/s/dw53yr-2ROzx7jNPCHKyxQ,壁纸 | 二次元壁纸1101期
2024-01-06T03:11:50.265Z,https://mp.weixin.qq.com/s/DFNwLtJppz846l-75-9x0A,封面是谁老婆呢？赶快领走哦~
